COMPACTNESS,CIRCULARITY,DISTANCE_CIRCULARITY,RADIUS_RATIO,PR.AXIS_ASPECT_RATIO,MAX.LENGTH_ASPECT_RATIO,SCATTER_RATIO,ELONGATEDNESS,PR.AXIS_RECTANGULARITY,MAX.LENGTH_RECTANGULARITY,SCALED_VARIANCE_MAJOR,SCALED_VARIANCE_MINOR,SCALED_RADIUS_OF_GYRATION,SKEWNESS_ABOUT_MAJOR,SKEWNESS_ABOUT_MINOR,KURTOSIS_ABOUT_MAJOR,KURTOSIS_ABOUT_MINOR,HOLLOWS_RATIO,label
95,48,83,178.0,72,10,162.0,42,20,159,176.0,379.0,184.0,70,6,16,187,197,0
91,41,84,141.0,57,9,149.0,45,19,143,170.0,330.0,158.0,72,9,14,189,199,0
104,50,106,209.0,66,10,207.0,32,23,158,223.0,635.0,220.0,73,14,9,188,196,1
93,41,82,159.0,63,9,144.0,46,19,143,160.0,309.0,127.0,63,6,10,199,207,0
85,44,70,205.0,103,52,149.0,45,19,144,241.0,325.0,188.0,127,9,11,180,183,2
107,57,106,172.0,50,6,255.0,26,28,169,280.0,957.0,264.0,85,5,9,181,183,2
97,43,73,173.0,65,6,153.0,42,19,143,176.0,361.0,172.0,66,13,1,200,204,2
90,43,66,157.0,65,9,137.0,48,18,146,162.0,281.0,164.0,67,3,3,193,202,0
86,34,62,140.0,61,7,122.0,54,17,127,141.0,223.0,112.0,64,2,14,200,208,0
93,44,98,197.0,62,11,183.0,36,22,146,202.0,505.0,152.0,64,4,14,195,204,1
86,36,70,143.0,61,9,133.0,50,18,130,153.0,266.0,127.0,66,2,10,194,202,0
90,34,66,136.0,55,6,123.0,54,17,118,148.0,224.0,118.0,65,5,26,196,202,1
88,46,74,171.0,68,6,152.0,43,19,148,180.0,349.0,192.0,71,5,11,189,195,2
89,42,85,144.0,58,10,152.0,44,19,144,173.0,345.0,161.0,72,8,13,187,197,0
94,49,79,203.0,71,5,174.0,37,21,154,196.0,465.0,206.0,71,6,2,197,199,2
96,55,103,201.0,65,9,204.0,32,23,166,227.0,624.0,246.0,74,6,2,186,194,3
89,36,51,109.0,52,6,118.0,57,17,129,137.0,206.0,125.0,80,2,14,181,185,0
99,41,77,197.0,69,6,177.0,36,21,139,202.0,485.0,151.0,72,4,10,198,199,2
104,54,100,186.0,61,10,216.0,31,24,173,225.0,686.0,220.0,74,5,11,185,195,1
101,56,100,215.0,69,10,208.0,32,24,169,227.0,651.0,223.0,74,6,5,186,193,3
84,47,75,153.0,64,6,154.0,43,19,145,175.0,354.0,184.0,75,0,3,185,192,2
84,37,53,121.0,59,5,123.0,55,17,125,141.0,221.0,133.0,82,7,1,179,183,0
94,43,64,173.0,69,7,150.0,43,19,142,169.0,344.0,177.0,68,9,1,199,206,2
87,39,70,148.0,61,7,143.0,46,18,136,164.0,307.0,141.0,69,1,2,192,199,2
99,53,105,219.0,66,11,204.0,32,23,165,221.0,623.0,224.0,68,0,6,191,201,1
85,45,80,154.0,64,9,147.0,45,19,148,169.0,324.0,174.0,71,1,4,188,199,0
83,36,54,119.0,57,6,128.0,53,18,125,143.0,238.0,139.0,82,6,3,179,183,1
107,54,98,203.0,65,11,218.0,31,25,167,229.0,696.0,216.0,72,1,28,187,199,1
102,45,85,193.0,64,6,192.0,33,22,146,217.0,570.0,163.0,76,6,7,195,193,2
80,38,63,129.0,55,7,146.0,46,19,130,168.0,314.0,158.0,83,9,20,180,185,1
89,43,85,160.0,64,11,155.0,43,19,151,173.0,356.0,174.0,72,5,9,185,196,0
88,42,77,151.0,58,8,140.0,47,18,142,165.0,293.0,158.0,64,10,11,198,205,1
93,35,66,154.0,59,6,142.0,46,18,128,162.0,304.0,120.0,64,5,13,197,202,3
101,48,107,222.0,68,10,208.0,32,24,154,232.0,641.0,204.0,70,5,38,190,202,3
87,38,85,177.0,61,8,164.0,40,20,129,186.0,402.0,130.0,63,1,25,198,205,3
100,46,90,172.0,67,9,157.0,43,20,150,170.0,363.0,184.0,67,17,7,192,200,0
82,44,72,118.0,52,7,152.0,44,19,147,174.0,340.0,177.0,82,2,2,180,185,2
90,48,86,306.0,126,49,153.0,44,19,156,272.0,346.0,200.0,118,0,15,185,194,0
106,53,98,176.0,54,10,216.0,31,24,171,235.0,691.0,218.0,74,1,9,187,197,1
81,45,68,169.0,73,6,151.0,44,19,146,173.0,336.0,186.0,75,7,0,183,189,2
95,48,104,214.0,67,9,205.0,32,23,151,227.0,628.0,202.0,74,5,9,186,193,3
88,37,51,105.0,52,5,119.0,57,17,128,135.0,207.0,125.0,86,8,16,179,183,0
94,49,87,137.0,54,11,158.0,43,20,162,178.0,366.0,186.0,75,5,5,183,194,0
93,37,76,183.0,63,8,164.0,40,20,134,191.0,405.0,139.0,67,4,7,192,197,1
119,54,106,220.0,65,12,213.0,31,24,167,223.0,675.0,232.0,66,20,1,192,202,1
93,46,82,145.0,58,11,159.0,43,20,160,180.0,371.0,189.0,77,2,4,183,194,0
91,43,70,133.0,55,8,130.0,51,18,146,159.0,253.0,156.0,70,1,8,190,194,0
85,42,66,122.0,54,6,148.0,46,19,141,172.0,317.0,174.0,88,6,14,180,182,2
89,47,81,147.0,64,11,156.0,44,20,163,170.0,352.0,188.0,76,6,13,184,193,0
91,45,79,176.0,59,9,163.0,40,20,148,184.0,404.0,179.0,62,0,10,199,208,1
78,38,63,115.0,51,6,142.0,47,19,130,162.0,299.0,146.0,77,2,4,181,185,1
92,38,71,174.0,66,7,154.0,43,19,133,181.0,355.0,130.0,70,4,24,189,195,1
98,55,101,228.0,70,9,210.0,31,24,168,236.0,661.0,245.0,72,1,6,188,197,3
101,42,62,175.0,67,6,149.0,43,19,139,169.0,341.0,165.0,65,7,11,202,209,2
101,56,104,185.0,53,6,257.0,26,28,168,275.0,956.0,230.0,83,5,26,180,184,2
94,36,66,151.0,61,8,133.0,50,18,135,154.0,265.0,119.0,62,9,3,201,208,0
97,44,96,195.0,63,9,185.0,36,22,144,202.0,512.0,165.0,66,4,8,191,199,1
89,47,84,133.0,55,11,157.0,44,20,160,169.0,354.0,176.0,74,5,9,182,192,0
107,53,103,221.0,66,11,209.0,32,24,163,222.0,653.0,212.0,66,0,1,191,201,3
85,39,68,119.0,52,5,128.0,53,18,135,148.0,241.0,142.0,75,8,8,182,187,0
103,50,98,212.0,63,9,193.0,34,22,161,214.0,567.0,185.0,64,5,5,198,204,3
77,38,63,135.0,59,5,130.0,52,18,130,145.0,247.0,139.0,79,13,21,183,187,3
96,40,70,120.0,50,8,137.0,50,18,141,162.0,269.0,139.0,80,10,13,183,183,0
83,42,66,156.0,67,7,150.0,45,19,144,174.0,333.0,159.0,78,4,2,182,188,2
93,45,86,201.0,69,7,184.0,35,22,145,203.0,523.0,183.0,72,0,4,194,197,2
89,41,75,143.0,56,7,146.0,46,19,137,170.0,317.0,156.0,76,18,5,184,188,3
81,43,68,125.0,57,8,149.0,46,19,146,169.0,323.0,172.0,83,6,18,179,184,2
98,55,101,219.0,69,11,225.0,30,25,178,231.0,748.0,216.0,74,6,14,187,195,3
86,44,78,164.0,68,9,142.0,46,18,147,168.0,305.0,171.0,70,1,11,190,201,0
98,49,84,219.0,74,7,190.0,34,22,154,208.0,558.0,209.0,74,4,7,195,195,2
96,55,98,161.0,54,10,215.0,31,24,175,226.0,683.0,221.0,76,3,6,185,193,3
97,59,108,227.0,70,11,224.0,30,25,186,225.0,732.0,218.0,70,10,25,186,198,3
92,39,91,191.0,62,8,176.0,37,21,137,196.0,466.0,151.0,67,3,23,192,200,3
73,37,53,111.0,54,6,126.0,55,18,128,135.0,227.0,147.0,82,1,15,176,184,3
89,42,89,147.0,61,11,151.0,44,19,145,170.0,338.0,163.0,72,11,23,187,199,0
101,53,103,203.0,63,9,195.0,34,22,162,210.0,571.0,210.0,68,5,5,191,198,3
91,39,83,170.0,60,8,172.0,38,21,134,197.0,445.0,152.0,72,0,10,188,194,1
86,40,62,140.0,62,7,150.0,45,19,133,165.0,330.0,173.0,82,2,3,180,185,1
104,52,94,208.0,66,5,208.0,31,24,161,227.0,666.0,218.0,76,11,4,193,191,2
89,44,68,113.0,50,7,150.0,45,19,147,171.0,328.0,189.0,88,6,5,179,182,2
87,46,71,159.0,66,6,151.0,44,19,146,175.0,343.0,189.0,73,2,0,186,190,2
99,51,92,203.0,65,5,209.0,31,24,159,232.0,671.0,214.0,78,5,11,191,189,2
94,36,68,127.0,54,7,127.0,52,18,132,155.0,242.0,116.0,66,1,2,195,196,0
79,40,80,133.0,55,7,147.0,47,19,135,172.0,311.0,144.0,76,8,30,181,193,3
89,40,76,188.0,76,7,150.0,44,19,136,174.0,342.0,148.0,72,3,8,193,197,2
110,58,106,180.0,51,6,261.0,26,28,171,278.0,998.0,257.0,83,9,13,181,182,2
89,41,84,141.0,58,9,149.0,45,19,145,172.0,330.0,162.0,72,4,18,188,200,0
86,37,60,115.0,54,5,119.0,56,17,132,141.0,209.0,129.0,72,2,8,186,190,0
91,42,84,209.0,75,6,171.0,38,20,138,189.0,446.0,161.0,69,3,12,196,201,2
80,37,57,116.0,55,6,125.0,54,18,125,142.0,229.0,132.0,81,8,5,178,184,3
104,55,107,222.0,68,11,218.0,31,24,173,232.0,703.0,229.0,71,3,10,188,199,1
94,38,84,158.0,55,9,169.0,39,20,130,196.0,430.0,155.0,69,9,15,190,195,3
104,52,100,191.0,59,9,197.0,33,23,158,218.0,583.0,234.0,70,10,10,191,198,1
94,48,87,162.0,64,10,157.0,43,20,161,179.0,363.0,186.0,75,4,15,184,195,0
84,45,66,154.0,65,6,145.0,46,19,144,168.0,312.0,177.0,73,2,3,184,188,2
97,50,108,211.0,65,10,214.0,31,24,156,232.0,683.0,218.0,72,7,29,188,197,3
89,42,80,151.0,62,6,144.0,46,19,139,166.0,308.0,170.0,74,17,13,185,189,1
86,43,68,152.0,62,7,150.0,44,19,142,179.0,337.0,164.0,75,4,9,188,192,2
95,46,105,219.0,68,9,201.0,33,23,148,223.0,602.0,201.0,69,5,38,191,202,3
87,44,65,124.0,56,6,149.0,46,19,144,170.0,321.0,171.0,87,4,12,179,182,2
82,45,66,252.0,126,52,148.0,45,19,144,237.0,326.0,185.0,119,1,1,181,185,2
95,42,85,174.0,66,9,153.0,44,19,144,168.0,347.0,150.0,65,11,5,196,204,0
94,42,68,150.0,64,7,128.0,52,18,143,154.0,246.0,159.0,69,14,5,192,196,0
92,38,60,130.0,62,5,114.0,58,17,132,135.0,194.0,137.0,72,14,5,190,194,0
102,45,83,198.0,65,5,194.0,33,22,146,225.0,576.0,167.0,79,0,27,193,191,2
108,53,103,202.0,64,10,220.0,30,25,168,224.0,711.0,214.0,73,11,10,188,199,1
99,46,105,209.0,64,11,197.0,34,23,152,212.0,575.0,159.0,65,0,33,194,205,3
85,39,77,151.0,59,8,150.0,45,19,134,176.0,331.0,133.0,73,0,16,184,193,3
80,44,68,135.0,59,8,150.0,45,19,145,170.0,329.0,173.0,80,7,12,180,185,2
99,48,79,199.0,68,6,185.0,35,22,153,202.0,524.0,171.0,74,5,8,195,195,2
89,40,77,159.0,65,9,144.0,46,19,141,168.0,314.0,143.0,70,0,5,190,200,0
94,48,83,162.0,64,10,156.0,43,19,153,177.0,357.0,187.0,74,4,14,185,196,0
77,38,75,144.0,59,6,147.0,46,19,132,167.0,315.0,136.0,80,16,20,181,187,3
88,35,50,121.0,58,5,114.0,59,17,122,132.0,192.0,138.0,74,21,4,182,187,3
93,43,85,133.0,54,10,155.0,44,19,153,174.0,351.0,165.0,75,12,13,184,196,0
95,47,88,162.0,64,11,159.0,43,20,157,176.0,371.0,185.0,71,12,13,189,198,0
100,45,100,209.0,65,8,201.0,32,23,147,231.0,611.0,189.0,72,5,5,189,195,3
109,53,109,221.0,69,12,221.0,31,25,169,226.0,712.0,212.0,72,13,28,188,201,1
85,43,64,128.0,56,8,150.0,46,19,144,168.0,324.0,173.0,82,9,14,180,184,2
93,49,79,180.0,65,7,173.0,37,21,158,189.0,463.0,194.0,70,5,10,197,202,2
89,37,54,119.0,53,5,134.0,50,18,127,151.0,266.0,146.0,79,16,14,184,185,1
90,48,78,142.0,59,11,160.0,43,20,160,173.0,370.0,185.0,76,10,11,183,192,0
92,40,82,163.0,63,9,146.0,45,19,140,165.0,319.0,137.0,64,9,0,199,206,0
90,36,57,130.0,57,6,121.0,56,17,127,137.0,216.0,132.0,68,22,23,190,195,1
85,45,71,150.0,63,8,143.0,46,19,147,171.0,307.0,179.0,72,2,3,187,196,0
90,46,80,143.0,62,11,159.0,43,20,156,169.0,366.0,186.0,74,17,7,185,193,0
89,42,70,148.0,62,7,147.0,45,19,143,176.0,323.0,153.0,76,2,6,186,189,2
85,41,66,155.0,65,22,149.0,45,19,139,173.0,330.0,155.0,75,6,16,184,191,2
97,45,88,173.0,67,10,157.0,43,20,157,173.0,365.0,157.0,67,8,12,192,200,0
100,48,95,209.0,68,7,199.0,32,23,150,216.0,605.0,200.0,73,7,11,192,194,2
100,46,104,184.0,60,9,197.0,34,23,147,222.0,578.0,198.0,73,13,13,189,197,1
86,36,77,165.0,60,7,150.0,45,19,128,174.0,331.0,131.0,66,0,32,196,203,1
97,42,101,186.0,59,9,186.0,36,22,138,208.0,511.0,168.0,67,7,41,194,206,1
98,39,68,121.0,49,7,134.0,51,18,142,164.0,261.0,134.0,75,4,1,186,186,0
102,54,100,163.0,53,10,213.0,31,24,173,219.0,669.0,201.0,76,12,27,187,195,3
89,47,83,322.0,133,48,158.0,43,20,163,229.0,364.0,176.0,97,0,14,184,194,0
86,48,75,136.0,58,10,161.0,43,20,163,170.0,371.0,185.0,75,3,1,183,192,0
87,42,64,150.0,64,10,133.0,50,18,142,157.0,264.0,159.0,67,7,1,193,201,0
88,37,63,130.0,58,5,125.0,54,18,130,141.0,230.0,145.0,74,14,20,184,188,1
91,42,80,162.0,66,8,148.0,44,19,145,171.0,331.0,147.0,70,3,5,189,199,0
90,37,80,171.0,58,9,157.0,42,20,132,172.0,373.0,115.0,60,3,18,201,209,1
81,42,63,125.0,55,8,149.0,46,19,145,166.0,320.0,172.0,86,7,7,179,182,2
106,49,107,194.0,57,11,214.0,31,24,161,224.0,670.0,172.0,67,0,39,192,206,3
80,43,68,120.0,54,8,150.0,45,19,145,171.0,329.0,176.0,85,4,8,179,183,2
95,45,80,186.0,62,7,164.0,40,20,145,188.0,406.0,178.0,65,11,18,199,204,3
103,54,107,218.0,64,12,222.0,30,25,174,221.0,728.0,199.0,67,0,18,189,200,3
100,46,85,164.0,64,11,163.0,42,20,163,176.0,387.0,170.0,71,18,0,189,196,0
91,40,76,171.0,67,7,149.0,44,19,135,169.0,332.0,144.0,68,4,17,192,200,2
90,43,72,172.0,59,8,154.0,42,19,144,174.0,360.0,158.0,61,15,9,203,209,1
93,36,64,165.0,69,8,136.0,49,18,136,161.0,279.0,127.0,67,2,29,193,204,0
104,50,96,211.0,65,10,187.0,35,22,156,207.0,527.0,195.0,65,3,7,195,206,1
94,44,84,216.0,74,6,184.0,35,22,145,208.0,525.0,154.0,73,4,22,196,197,2
93,35,72,172.0,62,7,149.0,44,19,124,169.0,334.0,125.0,62,5,30,203,210,3
106,49,106,211.0,64,9,208.0,32,24,158,224.0,645.0,184.0,68,1,24,190,202,1
89,40,79,154.0,64,9,144.0,46,19,139,168.0,311.0,149.0,71,8,7,188,197,0
110,56,103,223.0,64,5,250.0,26,27,169,280.0,928.0,239.0,85,4,6,184,183,2
85,36,78,149.0,55,7,147.0,45,19,128,168.0,321.0,134.0,64,10,24,197,203,3
93,42,70,131.0,56,7,127.0,53,18,145,156.0,240.0,152.0,74,5,4,189,190,0
87,39,74,152.0,58,6,151.0,44,19,136,174.0,337.0,140.0,70,1,33,187,196,1
91,45,75,154.0,57,6,150.0,44,19,146,170.0,335.0,180.0,66,16,2,193,198,3
82,38,53,125.0,59,5,133.0,51,18,128,152.0,259.0,146.0,87,0,0,177,183,3
107,52,101,218.0,64,11,202.0,33,23,164,219.0,610.0,192.0,65,17,2,197,206,3
98,39,81,191.0,64,9,166.0,40,20,138,184.0,415.0,131.0,62,8,19,197,205,1
85,40,72,139.0,59,5,132.0,50,18,135,159.0,260.0,150.0,68,3,9,191,195,1
98,54,104,186.0,59,10,213.0,32,24,172,223.0,665.0,217.0,73,1,26,186,195,3
103,54,91,179.0,57,11,220.0,31,25,170,220.0,707.0,198.0,72,1,32,186,198,3
92,36,78,165.0,57,8,153.0,43,19,128,169.0,349.0,124.0,60,4,19,203,211,1
110,51,104,191.0,57,12,213.0,31,24,162,226.0,674.0,190.0,68,18,2,191,199,1
82,45,68,139.0,64,6,147.0,46,19,143,169.0,320.0,184.0,80,0,1,181,184,2
98,38,70,125.0,52,8,130.0,53,18,139,157.0,243.0,132.0,74,0,13,186,185,0
108,51,103,197.0,60,11,211.0,31,24,160,222.0,661.0,187.0,67,7,3,190,200,3
106,54,103,161.0,47,4,247.0,27,27,166,266.0,892.0,242.0,85,4,11,181,183,2
94,45,81,166.0,67,9,145.0,46,19,147,164.0,313.0,179.0,66,11,14,194,202,0
96,49,98,187.0,59,6,213.0,31,24,152,228.0,680.0,210.0,77,8,28,188,189,2
93,48,84,150.0,63,11,156.0,44,20,165,171.0,354.0,188.0,73,8,15,185,195,0
88,40,78,186.0,73,6,158.0,41,20,134,185.0,379.0,148.0,73,1,11,193,197,2
84,39,90,180.0,60,7,177.0,37,21,131,209.0,469.0,145.0,71,4,38,190,198,3
89,44,72,160.0,66,7,144.0,46,19,147,166.0,312.0,169.0,69,11,1,191,198,2
93,37,73,174.0,68,7,151.0,43,19,131,175.0,347.0,135.0,68,1,22,196,205,2
89,44,70,137.0,58,6,136.0,49,18,146,168.0,273.0,166.0,78,10,3,186,187,0
102,54,106,221.0,68,11,207.0,32,24,164,228.0,638.0,238.0,71,0,26,189,200,1
78,36,60,116.0,56,6,123.0,55,17,124,141.0,221.0,121.0,78,3,16,178,185,3
91,42,66,169.0,66,7,145.0,44,19,140,169.0,325.0,159.0,67,4,0,201,207,2
84,35,53,122.0,57,4,116.0,59,17,123,135.0,196.0,128.0,76,10,27,183,190,1
103,46,106,209.0,66,10,203.0,33,23,149,217.0,612.0,210.0,70,9,10,191,199,1
100,41,75,205.0,71,5,176.0,36,21,138,204.0,479.0,151.0,72,7,19,197,197,2
91,42,81,193.0,69,5,169.0,38,20,137,184.0,434.0,156.0,68,3,23,198,204,2
98,45,76,166.0,60,7,157.0,42,20,148,184.0,371.0,186.0,69,13,10,190,196,3
101,51,105,212.0,68,10,209.0,32,24,162,222.0,653.0,224.0,73,5,23,186,195,3
90,36,78,179.0,64,8,157.0,42,19,126,182.0,367.0,142.0,66,1,20,192,198,3
97,48,94,198.0,63,9,181.0,36,21,155,200.0,494.0,189.0,64,20,11,199,203,3
87,40,81,162.0,68,10,146.0,46,19,139,167.0,317.0,157.0,70,0,13,189,199,0
93,43,76,149.0,57,7,149.0,44,19,143,172.0,335.0,176.0,69,14,0,189,194,1
107,55,98,199.0,59,7,240.0,27,26,168,258.0,866.0,245.0,80,3,1,186,184,2
92,37,86,167.0,60,7,158.0,42,20,131,181.0,373.0,144.0,68,9,21,190,196,1
86,43,66,130.0,56,7,152.0,44,19,142,177.0,340.0,173.0,81,6,14,181,185,2
107,56,104,231.0,71,11,219.0,31,25,172,226.0,705.0,217.0,71,19,11,189,196,1
82,44,72,150.0,64,7,154.0,44,19,144,181.0,350.0,177.0,80,0,16,183,187,2
81,46,71,130.0,56,7,153.0,44,19,149,172.0,342.0,191.0,81,3,14,180,186,2
82,44,72,136.0,61,7,147.0,46,19,143,173.0,317.0,183.0,81,6,17,181,185,2
93,47,85,163.0,66,11,156.0,44,20,158,172.0,355.0,178.0,74,7,15,183,195,0
90,36,74,171.0,60,8,157.0,42,19,128,177.0,367.0,123.0,61,6,21,197,204,1
111,54,103,171.0,50,11,221.0,30,25,172,227.0,727.0,201.0,69,15,6,190,198,3
103,55,100,194.0,62,11,212.0,31,24,175,217.0,666.0,219.0,73,10,14,187,194,3
89,40,58,137.0,58,7,122.0,54,17,140,146.0,225.0,150.0,63,7,4,199,206,0
87,47,81,149.0,62,9,147.0,45,19,152,171.0,325.0,181.0,72,0,6,188,198,0
92,46,79,176.0,64,8,162.0,41,20,149,183.0,396.0,178.0,67,2,10,191,198,3
85,42,64,121.0,55,7,149.0,46,19,146,167.0,323.0,172.0,85,1,6,179,182,2
86,46,70,149.0,65,8,149.0,45,19,146,170.0,331.0,185.0,77,6,6,183,188,2
101,56,100,168.0,55,11,214.0,31,24,175,219.0,681.0,224.0,74,2,3,185,192,3
94,39,89,194.0,62,9,172.0,38,21,135,191.0,444.0,121.0,63,4,23,201,209,3
86,37,69,150.0,63,8,138.0,48,18,134,163.0,284.0,124.0,71,1,6,189,195,0
90,41,71,169.0,68,7,150.0,44,19,138,175.0,336.0,157.0,71,3,18,192,197,2
104,49,89,168.0,54,4,212.0,31,24,153,238.0,682.0,198.0,78,1,23,190,189,2
89,36,72,141.0,56,7,138.0,48,18,126,163.0,286.0,130.0,72,1,1,187,192,3
90,39,86,169.0,62,7,162.0,41,20,131,194.0,388.0,147.0,74,1,22,185,191,3
84,44,77,150.0,59,5,152.0,44,19,143,175.0,344.0,177.0,77,8,2,183,187,1
104,57,103,216.0,69,11,219.0,30,25,176,228.0,708.0,219.0,73,4,3,186,196,3
83,44,68,144.0,61,8,147.0,45,19,143,170.0,325.0,180.0,74,1,1,185,191,2
85,39,57,126.0,56,6,114.0,58,17,135,134.0,195.0,145.0,64,17,7,197,202,0
99,55,101,206.0,62,13,222.0,30,25,180,225.0,722.0,213.0,71,2,3,186,196,3
88,44,85,139.0,56,11,157.0,43,20,155,176.0,363.0,175.0,76,5,16,184,195,0
100,50,81,197.0,67,6,186.0,34,22,158,206.0,531.0,198.0,74,6,1,197,198,2
81,44,72,139.0,60,6,153.0,44,19,146,180.0,347.0,178.0,81,1,15,182,186,2
86,41,66,133.0,56,6,136.0,49,18,136,155.0,274.0,162.0,74,5,14,183,189,1
93,41,79,159.0,63,8,144.0,46,19,150,165.0,309.0,134.0,67,4,9,195,203,0
107,54,98,210.0,66,11,218.0,31,24,169,221.0,704.0,216.0,71,14,0,188,197,1
94,35,66,147.0,62,9,131.0,50,18,127,159.0,258.0,115.0,66,8,7,196,201,0
105,54,106,215.0,68,10,208.0,32,24,166,217.0,640.0,218.0,69,14,23,189,199,1
86,41,64,148.0,61,5,150.0,45,19,138,165.0,333.0,173.0,80,5,8,182,185,1
85,35,47,110.0,55,3,117.0,57,17,122,136.0,203.0,139.0,89,5,9,180,184,0
85,33,40,115.0,57,3,112.0,61,17,119,130.0,184.0,127.0,86,12,21,181,183,1
81,44,68,120.0,53,6,151.0,45,19,147,170.0,333.0,178.0,86,4,5,179,183,2
100,52,104,189.0,59,10,208.0,32,24,163,220.0,642.0,197.0,70,1,22,187,198,1
93,42,64,158.0,68,9,134.0,49,18,142,163.0,268.0,170.0,71,7,13,192,201,0
90,48,78,134.0,56,11,160.0,43,20,167,169.0,366.0,185.0,76,1,14,182,192,0
96,37,74,199.0,74,5,165.0,39,20,128,188.0,419.0,136.0,72,1,3,196,200,2
85,45,65,128.0,56,8,151.0,45,19,145,170.0,332.0,186.0,81,1,10,179,184,2
100,55,101,189.0,57,10,222.0,30,25,177,225.0,731.0,211.0,71,7,17,188,197,3
79,47,74,141.0,61,7,153.0,43,19,149,175.0,349.0,199.0,77,6,10,183,189,2
89,36,77,172.0,62,8,157.0,42,19,125,174.0,367.0,126.0,63,5,22,198,205,3
93,45,73,164.0,59,7,159.0,42,20,146,182.0,379.0,188.0,65,11,15,195,201,3
85,42,59,132.0,58,7,149.0,46,19,144,166.0,320.0,172.0,83,8,4,179,182,2
101,55,108,228.0,69,12,215.0,31,24,168,229.0,684.0,214.0,71,2,16,188,199,1
85,47,75,121.0,53,9,157.0,44,20,165,168.0,358.0,176.0,77,1,7,182,191,0
93,41,75,124.0,51,7,140.0,49,18,141,164.0,284.0,149.0,77,5,15,184,185,0
95,36,73,191.0,73,6,156.0,41,19,126,184.0,374.0,124.0,71,2,19,199,204,2
91,39,83,176.0,59,7,169.0,39,20,132,190.0,426.0,142.0,67,0,24,192,199,1
103,55,103,211.0,65,11,212.0,31,24,165,229.0,673.0,249.0,72,5,16,188,196,3
85,34,53,127.0,58,6,116.0,58,17,121,137.0,197.0,127.0,70,3,20,185,189,1
95,38,66,126.0,52,8,133.0,52,18,140,158.0,253.0,140.0,78,11,8,184,183,0
104,58,103,230.0,69,11,219.0,30,25,176,231.0,716.0,246.0,71,7,4,187,196,3
84,44,80,140.0,58,11,156.0,44,20,157,166.0,349.0,176.0,74,5,17,183,193,0
94,43,68,170.0,67,6,142.0,46,18,142,164.0,310.0,177.0,65,10,8,198,203,2
93,47,85,161.0,65,12,155.0,43,19,157,179.0,354.0,178.0,76,2,9,184,196,0
112,50,110,186.0,56,11,214.0,31,24,159,232.0,676.0,203.0,71,18,27,191,202,1
91,36,77,157.0,56,7,155.0,42,19,126,177.0,361.0,123.0,65,8,15,195,201,1
92,43,69,158.0,56,7,149.0,44,19,143,170.0,333.0,168.0,63,14,18,198,203,3
99,48,104,196.0,63,10,201.0,33,23,152,221.0,604.0,199.0,73,8,4,188,197,1
98,58,101,208.0,65,12,226.0,30,25,182,225.0,748.0,216.0,71,6,1,185,196,3
83,37,54,118.0,55,4,129.0,52,18,127,146.0,245.0,140.0,81,4,13,180,184,1
91,39,88,189.0,63,9,175.0,38,21,132,197.0,457.0,156.0,69,0,23,191,198,1
89,40,60,131.0,56,6,118.0,56,17,137,143.0,209.0,153.0,65,10,8,193,199,0
89,35,70,138.0,58,7,126.0,53,17,128,147.0,237.0,112.0,64,4,19,199,207,0
103,49,100,194.0,60,10,185.0,35,22,160,202.0,518.0,178.0,62,13,8,198,208,1
80,45,71,128.0,56,7,151.0,45,19,147,171.0,337.0,176.0,79,3,16,181,187,2
86,42,65,116.0,53,6,152.0,45,19,141,175.0,335.0,172.0,85,5,4,179,183,2
100,46,81,187.0,61,9,166.0,40,20,154,189.0,415.0,175.0,63,13,9,198,207,1
86,39,60,140.0,60,7,119.0,55,17,134,140.0,212.0,141.0,61,7,8,200,207,0
83,37,62,113.0,53,6,122.0,55,17,129,143.0,218.0,135.0,79,0,7,181,185,0
82,45,68,150.0,69,5,148.0,45,19,144,169.0,322.0,184.0,80,5,0,181,184,2
93,47,88,200.0,66,7,173.0,38,21,151,197.0,452.0,205.0,66,0,3,195,202,1
91,43,88,157.0,61,9,149.0,45,19,157,165.0,326.0,140.0,64,1,26,197,207,0
96,45,80,162.0,63,9,146.0,46,19,148,161.0,316.0,161.0,64,5,10,199,207,0
107,57,106,179.0,51,8,257.0,26,28,172,275.0,954.0,232.0,83,2,20,181,184,2
87,44,70,179.0,75,6,146.0,45,19,141,167.0,326.0,178.0,69,6,1,194,201,2
83,46,73,137.0,59,6,148.0,45,19,146,167.0,327.0,183.0,75,8,0,185,191,2
86,41,66,129.0,55,7,135.0,50,18,136,154.0,266.0,165.0,74,3,4,180,187,3
109,54,109,225.0,68,11,214.0,31,24,169,226.0,675.0,212.0,68,11,32,189,202,1
94,37,73,186.0,71,7,154.0,42,19,127,171.0,362.0,132.0,67,2,8,197,206,2
100,44,93,193.0,62,8,186.0,35,22,147,202.0,521.0,151.0,66,0,2,193,198,3
82,43,73,154.0,65,7,151.0,44,19,143,178.0,341.0,160.0,76,5,11,185,189,2
86,46,73,125.0,57,6,151.0,45,19,147,170.0,334.0,188.0,82,9,11,180,184,2
116,53,110,231.0,67,12,217.0,31,24,165,231.0,692.0,222.0,67,16,28,192,206,1
89,46,77,125.0,52,10,156.0,44,20,160,171.0,351.0,177.0,78,7,17,183,191,0
89,48,85,189.0,64,8,169.0,39,20,153,188.0,427.0,190.0,64,16,5,195,201,1
83,41,70,155.0,65,7,144.0,46,19,141,168.0,309.0,147.0,71,4,12,188,195,2
88,43,84,136.0,55,11,154.0,44,19,150,174.0,350.0,164.0,73,6,2,185,196,0
96,47,103,215.0,69,10,200.0,33,23,147,220.0,598.0,200.0,73,6,6,187,194,3
88,37,57,132.0,62,6,135.0,50,18,125,151.0,265.0,144.0,83,16,16,180,184,1
98,38,66,130.0,55,7,130.0,51,18,138,160.0,251.0,123.0,69,3,12,191,194,0
89,45,81,246.0,102,43,155.0,44,20,160,200.0,347.0,177.0,90,9,17,183,192,0
87,42,76,159.0,65,5,155.0,42,19,138,184.0,362.0,157.0,76,6,12,189,193,2
93,36,63,139.0,57,8,132.0,50,18,136,158.0,260.0,121.0,67,3,27,193,201,0
109,55,102,169.0,51,6,241.0,27,26,165,265.0,870.0,247.0,84,10,11,184,183,2
90,38,75,164.0,64,7,151.0,43,19,131,168.0,345.0,139.0,66,0,0,195,204,2
98,52,86,207.0,69,5,192.0,33,22,161,212.0,570.0,221.0,75,4,6,194,195,2
82,37,66,126.0,54,7,132.0,52,18,127,148.0,252.0,142.0,72,17,7,183,187,1
91,40,98,192.0,64,9,177.0,38,21,135,194.0,465.0,165.0,66,9,35,195,205,1
98,40,77,171.0,61,6,172.0,37,21,139,197.0,457.0,141.0,72,4,17,199,201,2
106,53,98,193.0,60,10,215.0,31,24,169,224.0,681.0,218.0,73,8,21,188,197,1
93,43,78,166.0,59,7,151.0,44,19,141,182.0,342.0,174.0,68,15,2,193,197,3
94,37,72,193.0,72,6,158.0,41,19,133,184.0,385.0,127.0,70,0,14,200,204,2
89,36,68,149.0,60,8,133.0,50,18,134,153.0,265.0,119.0,62,6,18,201,209,0
85,45,70,130.0,58,8,151.0,45,19,146,171.0,334.0,187.0,79,2,5,181,186,2
86,45,73,152.0,63,6,149.0,44,19,145,170.0,335.0,176.0,71,6,1,189,196,2
106,48,107,202.0,61,10,207.0,32,24,153,227.0,635.0,200.0,70,5,28,190,203,1
107,52,103,186.0,57,11,214.0,31,24,162,217.0,676.0,189.0,66,6,5,189,198,3
109,51,100,197.0,59,10,192.0,34,22,161,210.0,553.0,195.0,64,14,3,196,202,3
109,48,107,215.0,62,10,205.0,32,23,158,222.0,624.0,168.0,65,9,32,195,206,3
90,50,90,188.0,61,10,181.0,36,21,158,211.0,492.0,220.0,69,6,19,191,199,1
93,45,83,142.0,56,10,157.0,43,20,155,180.0,364.0,188.0,75,1,21,184,197,0
82,41,70,155.0,64,7,148.0,45,19,138,172.0,328.0,152.0,72,5,17,187,195,2
96,52,104,222.0,67,9,198.0,33,23,163,217.0,589.0,226.0,67,12,20,192,201,3
90,42,63,126.0,55,7,152.0,45,19,142,173.0,336.0,173.0,81,0,15,180,184,2
93,40,62,117.0,49,7,131.0,52,18,145,160.0,249.0,156.0,78,8,6,184,184,0
91,41,66,131.0,56,9,126.0,53,18,144,159.0,237.0,155.0,72,3,10,191,194,0
95,45,105,208.0,64,10,187.0,36,22,150,202.0,520.0,158.0,64,7,32,198,211,1
89,37,51,111.0,54,5,120.0,56,17,127,138.0,213.0,147.0,82,7,4,181,183,0
102,51,92,194.0,60,6,220.0,30,25,162,247.0,731.0,209.0,80,7,7,188,186,2
105,54,100,220.0,69,10,221.0,30,25,170,232.0,718.0,202.0,73,0,13,187,199,1
113,57,109,194.0,56,6,260.0,26,28,175,288.0,982.0,261.0,85,11,21,182,183,2
87,43,65,127.0,56,8,149.0,46,19,143,169.0,322.0,171.0,85,6,3,180,182,2
98,51,96,203.0,66,10,188.0,35,22,157,207.0,533.0,231.0,68,10,1,191,199,1
94,38,88,179.0,60,7,170.0,39,21,131,188.0,435.0,144.0,66,2,28,195,204,1
82,44,63,123.0,54,7,151.0,45,19,147,166.0,329.0,185.0,81,3,4,179,182,2
106,49,96,201.0,61,10,181.0,36,21,158,197.0,494.0,180.0,62,19,15,202,209,3
89,44,82,136.0,54,6,149.0,45,19,144,170.0,332.0,168.0,68,10,14,188,193,3
93,43,88,170.0,66,9,150.0,45,19,147,164.0,334.0,143.0,65,2,17,196,206,0
89,38,80,169.0,59,7,161.0,41,20,131,186.0,389.0,137.0,68,5,15,192,197,1
98,44,78,160.0,63,8,142.0,47,18,148,160.0,300.0,171.0,63,19,2,201,207,0
104,52,96,188.0,59,9,188.0,35,22,161,206.0,530.0,205.0,67,11,8,193,200,3
99,57,109,220.0,66,11,221.0,30,25,176,234.0,725.0,236.0,70,10,25,188,200,3
86,42,65,125.0,54,7,150.0,45,19,140,171.0,327.0,172.0,85,2,8,180,182,2
107,57,102,184.0,55,7,234.0,28,26,171,243.0,822.0,229.0,77,7,11,187,187,2
109,54,103,205.0,63,11,222.0,30,25,175,229.0,720.0,213.0,71,6,14,187,200,1
89,44,76,125.0,54,10,156.0,44,20,151,163.0,352.0,176.0,76,12,12,184,193,0
99,51,88,188.0,62,5,203.0,32,23,158,222.0,625.0,219.0,77,8,26,191,190,2
97,45,91,161.0,63,10,151.0,45,19,148,166.0,334.0,171.0,65,18,20,197,205,0
87,41,73,158.0,64,7,151.0,44,19,138,175.0,341.0,152.0,73,3,8,190,194,2
89,40,72,155.0,63,7,146.0,45,19,135,175.0,321.0,145.0,72,4,10,192,196,2
86,40,75,146.0,62,6,140.0,48,18,135,158.0,290.0,162.0,72,3,21,183,190,3
83,37,54,131.0,61,4,135.0,50,18,127,152.0,271.0,141.0,85,3,6,180,183,1
102,54,101,190.0,58,10,222.0,30,25,171,224.0,728.0,203.0,71,13,6,189,198,3
99,55,101,219.0,68,10,224.0,30,25,178,228.0,737.0,213.0,74,11,20,187,196,3
101,54,106,188.0,57,7,236.0,28,26,164,256.0,833.0,253.0,81,6,14,185,185,2
117,52,110,228.0,65,12,212.0,31,24,163,228.0,668.0,220.0,66,21,25,194,205,1
88,44,77,167.0,59,6,151.0,44,19,145,175.0,343.0,177.0,64,9,12,202,208,3
95,44,84,158.0,62,10,145.0,46,19,148,163.0,312.0,166.0,64,10,6,199,206,0
89,40,69,147.0,58,6,132.0,50,18,137,155.0,260.0,151.0,61,16,6,203,209,3
97,46,101,210.0,66,8,192.0,35,22,151,208.0,546.0,169.0,66,1,32,191,200,3
88,38,58,137.0,60,5,148.0,46,19,131,163.0,319.0,157.0,86,12,0,180,183,1
91,46,78,148.0,61,9,147.0,45,19,152,168.0,323.0,199.0,70,13,11,189,200,0
81,47,69,146.0,64,6,151.0,44,19,147,171.0,340.0,195.0,75,5,0,183,188,2
98,50,90,192.0,63,9,177.0,37,21,155,195.0,472.0,197.0,65,10,1,193,201,1
93,42,88,188.0,62,10,183.0,36,21,141,208.0,504.0,168.0,70,3,12,189,197,3
91,45,76,171.0,69,7,150.0,44,19,144,170.0,340.0,179.0,69,12,1,195,201,2
109,49,109,193.0,59,10,207.0,32,24,156,225.0,635.0,213.0,70,13,31,191,202,1
87,45,82,164.0,60,8,156.0,42,19,144,181.0,366.0,174.0,70,2,2,190,196,3
100,49,96,206.0,63,9,186.0,35,22,156,202.0,519.0,176.0,62,3,5,197,205,3
108,52,109,182.0,55,12,216.0,31,24,171,229.0,687.0,214.0,72,10,28,189,201,1
101,46,105,195.0,61,10,198.0,34,23,150,213.0,578.0,195.0,66,7,38,192,205,1
95,47,81,176.0,59,7,168.0,39,20,152,196.0,425.0,185.0,67,4,4,191,198,1
89,47,85,147.0,58,10,153.0,44,19,151,175.0,349.0,186.0,74,13,7,186,197,0
87,45,77,153.0,59,7,154.0,44,19,145,181.0,350.0,172.0,75,15,14,184,189,3
108,54,105,203.0,62,11,202.0,33,23,164,216.0,608.0,235.0,68,12,3,190,200,1
90,47,85,149.0,60,10,155.0,43,19,155,179.0,355.0,186.0,75,1,5,185,196,0
82,37,59,134.0,63,7,135.0,51,18,128,151.0,264.0,143.0,82,11,24,179,185,1
84,45,68,148.0,64,6,146.0,46,19,142,168.0,317.0,180.0,75,5,1,183,187,2
89,47,81,156.0,57,8,161.0,41,20,149,187.0,388.0,197.0,72,9,15,187,193,3
96,41,77,177.0,64,5,177.0,36,21,134,205.0,485.0,148.0,74,0,4,196,198,2
97,45,72,187.0,71,5,161.0,40,20,144,178.0,399.0,186.0,70,7,7,196,203,2
97,47,87,164.0,64,9,156.0,43,20,149,173.0,359.0,182.0,68,1,13,192,202,0
96,47,77,204.0,72,6,167.0,38,20,150,188.0,429.0,182.0,69,6,16,199,203,2
87,36,53,117.0,58,4,118.0,57,17,125,138.0,205.0,138.0,85,9,15,180,183,0
109,52,95,189.0,58,4,227.0,29,25,158,262.0,776.0,217.0,82,0,19,187,186,2
104,51,108,193.0,59,11,217.0,31,24,163,232.0,694.0,203.0,72,15,22,190,201,1
87,37,60,132.0,57,6,128.0,52,18,129,154.0,243.0,132.0,71,1,14,186,192,1
82,36,54,117.0,53,7,125.0,54,18,126,146.0,229.0,128.0,78,1,5,180,184,1
105,56,98,209.0,64,11,217.0,31,24,173,225.0,696.0,216.0,72,2,19,188,199,3
80,39,60,122.0,56,6,139.0,49,18,131,151.0,281.0,142.0,80,0,5,179,186,3
106,54,100,227.0,67,4,250.0,27,27,162,280.0,923.0,262.0,88,5,11,182,182,2
81,46,71,141.0,61,7,153.0,44,19,148,177.0,347.0,190.0,80,1,14,182,187,2
100,51,109,224.0,67,9,217.0,30,24,162,238.0,704.0,206.0,72,6,18,189,199,3
88,44,71,145.0,56,8,142.0,48,19,143,159.0,296.0,174.0,68,7,18,188,197,3
94,49,87,159.0,64,10,157.0,43,20,158,179.0,363.0,203.0,75,4,0,183,194,0
99,43,89,195.0,63,8,186.0,35,22,144,210.0,521.0,166.0,68,6,13,191,199,1
90,47,85,145.0,58,9,152.0,44,19,155,175.0,345.0,184.0,73,4,2,186,197,0
94,47,85,333.0,138,49,155.0,43,19,155,320.0,354.0,187.0,135,12,9,188,196,0
100,57,107,207.0,63,11,227.0,30,25,180,234.0,756.0,205.0,72,6,19,186,198,3
86,42,65,113.0,50,8,152.0,45,19,141,169.0,332.0,171.0,85,4,16,179,183,2
91,38,70,160.0,66,25,140.0,47,18,139,162.0,296.0,130.0,67,4,11,192,202,0
93,44,90,166.0,65,10,153.0,44,19,156,170.0,348.0,143.0,66,9,17,194,203,0
86,47,75,165.0,68,6,154.0,43,19,146,176.0,356.0,190.0,74,7,3,188,194,2
90,49,83,187.0,63,7,176.0,37,21,154,205.0,467.0,222.0,70,1,2,189,195,1
97,37,76,169.0,60,8,161.0,41,20,131,189.0,391.0,136.0,72,0,0,188,192,3
108,57,106,177.0,51,5,256.0,26,28,170,285.0,966.0,261.0,87,11,2,182,181,2
89,41,75,162.0,66,5,153.0,43,19,136,175.0,352.0,154.0,72,2,0,188,195,2
98,38,70,186.0,68,6,164.0,39,20,136,189.0,413.0,129.0,71,3,17,200,203,2
87,42,64,150.0,64,10,133.0,50,18,141,157.0,265.0,159.0,67,7,0,193,201,0
107,53,108,213.0,64,12,206.0,32,23,163,216.0,627.0,202.0,65,21,22,194,205,1
85,37,80,158.0,59,8,153.0,44,19,126,179.0,348.0,136.0,69,6,21,191,197,3
101,52,105,162.0,53,10,212.0,31,24,163,226.0,669.0,204.0,74,12,11,186,194,3
96,39,77,160.0,62,8,140.0,47,18,150,161.0,294.0,124.0,62,15,3,201,208,0
103,48,101,204.0,62,12,200.0,33,23,158,215.0,595.0,164.0,66,8,22,192,202,3
88,40,73,173.0,68,7,150.0,44,19,137,174.0,341.0,151.0,69,2,20,196,200,2
80,38,64,130.0,59,8,134.0,51,18,126,152.0,259.0,135.0,76,1,23,179,188,3
91,38,75,136.0,53,6,144.0,47,19,131,165.0,305.0,149.0,69,1,7,186,191,1
86,45,71,155.0,66,7,146.0,45,19,144,167.0,322.0,176.0,72,5,6,189,196,2
86,38,86,175.0,60,9,170.0,39,21,134,191.0,433.0,138.0,68,1,28,191,199,1
89,45,77,188.0,64,9,161.0,41,20,151,190.0,390.0,174.0,66,4,2,194,201,1
78,36,51,116.0,56,4,120.0,57,17,124,135.0,209.0,135.0,84,1,12,177,184,3
80,43,71,133.0,60,7,150.0,45,19,146,170.0,330.0,176.0,81,6,15,180,184,2
88,36,78,160.0,62,6,140.0,48,18,123,161.0,287.0,129.0,66,4,35,194,202,3
85,45,82,133.0,56,11,159.0,43,20,156,170.0,362.0,173.0,76,10,21,183,193,0
101,53,108,184.0,54,12,216.0,31,24,172,220.0,685.0,187.0,68,4,24,190,201,3
89,44,70,158.0,64,6,141.0,47,18,143,164.0,299.0,173.0,66,9,11,193,199,2
96,36,74,183.0,70,6,149.0,43,19,127,178.0,341.0,127.0,69,0,17,201,205,2
87,43,70,169.0,72,7,152.0,44,19,145,177.0,341.0,171.0,76,6,12,184,187,2
93,34,72,144.0,56,6,133.0,50,18,123,158.0,263.0,125.0,63,5,20,200,206,1
96,39,58,117.0,51,6,133.0,52,18,139,154.0,255.0,150.0,86,6,0,181,182,0
98,48,101,195.0,61,11,207.0,31,23,152,227.0,650.0,193.0,71,5,7,189,196,3
90,34,66,158.0,59,7,140.0,47,18,124,165.0,298.0,117.0,61,1,3,201,207,1
85,45,70,120.0,54,7,149.0,45,19,145,169.0,326.0,186.0,81,8,4,181,184,2
91,41,93,197.0,65,9,183.0,36,21,137,202.0,504.0,153.0,66,11,24,193,200,3
89,36,69,142.0,57,7,135.0,50,18,126,154.0,266.0,128.0,66,3,36,193,203,3
106,53,98,203.0,63,11,220.0,30,25,167,228.0,710.0,214.0,71,10,24,188,197,3
86,38,89,176.0,59,9,169.0,39,20,132,190.0,428.0,148.0,67,7,33,193,202,3
112,50,104,197.0,58,11,208.0,32,24,159,223.0,639.0,186.0,67,15,22,191,202,1
84,37,70,145.0,62,9,136.0,48,18,134,159.0,280.0,140.0,68,11,9,194,202,0
104,53,108,206.0,61,11,217.0,31,24,168,226.0,694.0,209.0,67,0,9,188,201,1
99,47,91,226.0,74,5,202.0,32,23,148,234.0,629.0,186.0,79,4,11,192,191,2
84,38,83,141.0,54,7,149.0,45,19,132,177.0,327.0,149.0,74,6,29,185,191,1
85,42,70,130.0,56,7,150.0,45,19,145,177.0,328.0,172.0,82,10,14,181,185,2
104,51,105,168.0,54,10,208.0,32,24,162,220.0,641.0,221.0,72,9,20,187,197,1
85,37,68,145.0,60,6,130.0,51,18,130,150.0,253.0,121.0,65,3,14,195,203,0
93,42,64,123.0,51,7,135.0,51,18,144,164.0,262.0,155.0,78,16,12,185,185,0
84,40,71,131.0,55,7,150.0,45,19,134,167.0,330.0,165.0,80,12,1,180,186,3
91,49,86,195.0,63,8,177.0,37,21,156,203.0,473.0,201.0,67,7,5,192,198,3
98,47,109,202.0,59,11,199.0,34,23,154,207.0,586.0,165.0,61,1,33,194,208,1
101,51,98,194.0,60,10,195.0,34,22,161,219.0,572.0,219.0,67,0,10,192,201,1
90,47,73,136.0,58,11,161.0,42,20,153,172.0,376.0,185.0,77,11,8,183,191,0
91,36,60,126.0,56,6,119.0,56,17,130,139.0,211.0,118.0,67,6,14,192,198,0
99,50,88,204.0,64,10,185.0,35,22,159,209.0,517.0,193.0,66,12,11,194,201,3
102,53,101,238.0,72,4,238.0,28,26,163,267.0,844.0,242.0,85,7,22,184,184,2
89,46,74,135.0,59,9,157.0,44,20,158,170.0,356.0,177.0,79,12,3,184,191,0
101,52,101,197.0,62,9,188.0,35,22,162,208.0,527.0,203.0,67,14,15,193,202,1
95,57,104,228.0,74,10,212.0,31,24,175,224.0,670.0,223.0,74,0,4,186,193,3
101,53,91,194.0,65,6,204.0,32,23,161,231.0,636.0,214.0,78,5,14,192,192,2
91,39,82,164.0,68,10,143.0,46,19,137,164.0,308.0,158.0,68,13,9,191,201,0
91,46,75,185.0,75,7,154.0,42,19,147,178.0,362.0,192.0,72,8,8,192,199,2
94,37,74,169.0,59,7,162.0,41,20,133,178.0,394.0,130.0,63,6,6,198,204,3
92,38,74,178.0,62,9,161.0,41,20,135,181.0,388.0,132.0,63,7,29,197,206,3
95,43,71,159.0,64,6,145.0,45,19,141,169.0,322.0,171.0,67,8,4,195,200,2
106,52,101,213.0,64,11,201.0,33,23,158,214.0,607.0,204.0,65,2,4,192,204,1
81,43,68,139.0,62,7,149.0,46,19,145,172.0,323.0,171.0,83,1,14,180,184,2
92,43,70,124.0,52,6,139.0,49,18,144,164.0,282.0,172.0,79,4,16,183,185,0
83,45,73,161.0,68,8,142.0,46,18,144,169.0,305.0,179.0,71,10,3,191,199,0
103,57,105,221.0,69,11,218.0,30,24,173,226.0,706.0,250.0,73,10,2,187,195,3
98,42,90,192.0,61,9,178.0,37,21,144,189.0,480.0,138.0,61,3,8,199,208,1
90,41,62,147.0,60,6,128.0,52,18,141,149.0,246.0,157.0,61,13,4,201,208,0
106,52,107,211.0,62,8,200.0,33,23,161,218.0,602.0,200.0,67,9,17,194,201,3
97,47,81,183.0,64,8,168.0,39,20,150,193.0,426.0,182.0,70,11,2,192,198,3
85,40,66,121.0,52,4,152.0,44,19,133,170.0,340.0,163.0,87,13,3,180,183,3
100,49,80,206.0,70,6,183.0,35,21,156,206.0,517.0,198.0,73,3,13,198,199,2
82,43,71,154.0,68,7,150.0,45,19,143,171.0,330.0,173.0,78,7,11,181,186,2
78,43,70,147.0,65,8,147.0,46,19,145,169.0,319.0,168.0,77,1,12,181,186,2
96,54,104,175.0,58,10,215.0,31,24,175,221.0,682.0,222.0,75,13,23,186,194,3
105,51,108,201.0,62,11,220.0,30,25,163,232.0,711.0,202.0,72,12,16,189,200,1
92,40,62,144.0,59,8,127.0,52,17,139,149.0,241.0,150.0,62,13,1,204,210,0
91,44,66,151.0,63,7,137.0,48,18,146,166.0,280.0,167.0,72,1,9,188,194,0
104,55,109,230.0,67,12,218.0,30,24,174,230.0,706.0,226.0,67,8,22,191,202,3
105,50,93,173.0,54,4,222.0,30,25,159,254.0,735.0,206.0,83,4,12,186,184,2
107,56,105,202.0,61,11,221.0,30,25,179,234.0,725.0,212.0,72,15,1,189,196,3
82,40,73,141.0,57,8,153.0,44,19,133,173.0,342.0,153.0,75,11,9,181,187,3
97,55,104,219.0,71,9,211.0,32,24,171,222.0,658.0,223.0,74,1,24,186,196,1
101,55,101,183.0,57,13,225.0,30,25,177,225.0,741.0,204.0,71,5,10,186,198,3
89,46,78,150.0,63,11,160.0,43,20,160,170.0,367.0,176.0,73,5,9,185,194,0
94,45,89,213.0,71,5,186.0,35,22,145,204.0,533.0,182.0,71,4,13,195,198,2
86,42,64,122.0,54,6,148.0,46,19,143,170.0,319.0,171.0,87,1,3,179,182,2
104,55,100,201.0,66,10,214.0,31,24,173,224.0,680.0,221.0,74,1,1,185,194,1
104,54,91,209.0,67,11,218.0,31,24,170,223.0,697.0,196.0,74,4,21,187,196,3
94,46,79,181.0,62,8,167.0,40,20,148,190.0,418.0,193.0,67,12,15,191,198,3
86,38,76,143.0,59,8,142.0,47,18,131,167.0,301.0,138.0,71,5,10,189,196,0
90,48,78,143.0,60,11,161.0,43,20,159,172.0,374.0,186.0,75,2,2,184,193,0
83,46,71,156.0,70,6,151.0,44,19,147,174.0,338.0,198.0,80,3,11,181,186,2
104,57,103,222.0,72,12,221.0,30,25,177,223.0,718.0,218.0,72,11,12,186,195,3
93,45,81,177.0,64,7,160.0,41,20,147,180.0,383.0,188.0,70,11,11,192,199,1
82,39,86,140.0,54,7,153.0,45,19,134,174.0,338.0,139.0,71,11,18,183,189,3
102,51,108,193.0,57,10,212.0,31,24,162,219.0,663.0,184.0,66,7,21,191,201,3
108,54,109,189.0,57,11,220.0,31,25,174,229.0,709.0,214.0,70,12,23,189,201,1
97,45,76,175.0,60,9,157.0,42,20,149,180.0,370.0,169.0,63,16,12,198,206,1
85,43,66,130.0,57,6,151.0,45,19,143,173.0,333.0,168.0,86,4,9,180,183,2
102,54,98,177.0,56,10,219.0,31,25,171,219.0,706.0,223.0,72,5,17,186,196,3
106,54,105,164.0,48,5,247.0,27,27,165,269.0,891.0,243.0,84,12,1,181,182,2
94,45,72,179.0,69,6,156.0,41,19,144,181.0,373.0,191.0,69,5,5,193,198,2
106,55,98,224.0,68,11,215.0,31,24,170,222.0,679.0,214.0,68,2,29,189,201,3
94,43,82,136.0,54,10,155.0,43,19,149,176.0,359.0,161.0,74,1,6,186,197,0
88,36,53,113.0,57,3,118.0,57,17,128,137.0,204.0,136.0,88,7,14,180,183,0
102,54,98,167.0,53,10,217.0,31,24,174,228.0,692.0,223.0,72,0,31,187,198,3
101,56,100,204.0,62,12,227.0,30,25,178,231.0,757.0,204.0,73,0,11,186,197,3
105,54,96,185.0,57,10,219.0,30,25,170,231.0,706.0,217.0,75,5,12,187,195,3
86,36,66,128.0,57,8,131.0,52,18,127,148.0,252.0,139.0,76,5,27,183,187,3
91,39,72,133.0,55,7,146.0,46,19,132,170.0,314.0,149.0,77,9,18,184,189,1
97,46,94,209.0,67,10,195.0,34,22,147,224.0,573.0,194.0,70,0,14,188,197,3
115,53,100,205.0,64,11,220.0,30,25,166,229.0,710.0,214.0,71,21,11,189,199,1
101,51,112,201.0,59,11,214.0,32,24,162,223.0,667.0,194.0,65,0,36,190,206,1
93,35,78,162.0,60,8,150.0,45,19,125,172.0,331.0,137.0,67,2,33,191,198,3
95,46,92,159.0,63,11,160.0,42,20,157,176.0,372.0,171.0,70,7,21,189,200,0
101,55,105,182.0,59,10,215.0,31,24,177,221.0,678.0,223.0,74,12,26,186,195,3
86,43,70,126.0,56,6,148.0,46,19,145,166.0,317.0,171.0,86,6,9,179,182,2
88,38,77,156.0,56,7,163.0,41,20,129,184.0,395.0,140.0,67,1,9,192,198,3
103,54,107,189.0,56,11,223.0,30,25,174,225.0,729.0,200.0,70,0,29,187,201,3
95,37,71,171.0,61,9,157.0,43,20,134,178.0,365.0,125.0,63,5,40,196,208,1
89,38,74,138.0,59,7,136.0,49,18,133,167.0,278.0,128.0,72,7,7,189,193,0
76,38,58,125.0,58,5,133.0,51,18,127,152.0,259.0,145.0,87,0,21,177,184,3
92,42,75,172.0,60,8,147.0,45,19,142,174.0,322.0,160.0,62,22,10,206,211,3
107,54,108,228.0,68,12,218.0,31,25,170,223.0,700.0,224.0,67,13,25,190,204,1
85,40,75,137.0,56,7,152.0,44,19,134,173.0,339.0,160.0,76,7,16,182,187,1
88,39,76,155.0,62,8,137.0,48,18,137,156.0,281.0,124.0,63,3,6,201,209,0
89,40,89,174.0,58,8,177.0,37,21,133,202.0,471.0,155.0,70,7,18,189,196,1
93,40,73,139.0,58,6,136.0,49,18,138,166.0,275.0,137.0,73,0,0,187,188,0
89,36,69,162.0,63,6,140.0,48,18,131,164.0,291.0,126.0,66,1,38,193,204,1
90,43,81,231.0,97,46,150.0,45,19,149,200.0,332.0,164.0,91,5,9,186,196,0
105,52,107,207.0,60,11,218.0,31,24,167,221.0,701.0,197.0,66,0,20,191,203,3
92,45,76,162.0,57,7,159.0,41,20,147,184.0,381.0,177.0,69,8,10,190,195,1
97,44,95,202.0,66,9,188.0,35,22,144,216.0,526.0,175.0,72,15,11,190,197,1
109,49,103,186.0,57,11,206.0,32,23,156,212.0,630.0,186.0,65,12,21,192,201,3
95,47,73,195.0,70,7,167.0,38,20,152,184.0,430.0,185.0,69,9,19,200,206,2
86,43,61,119.0,53,8,150.0,46,19,144,169.0,326.0,172.0,85,8,8,179,182,2
88,48,90,178.0,60,8,175.0,38,21,152,200.0,460.0,198.0,68,13,16,192,199,1
107,55,103,167.0,49,7,252.0,27,28,172,269.0,904.0,239.0,83,5,30,179,186,2
104,49,105,209.0,61,11,207.0,32,24,157,217.0,637.0,168.0,64,0,19,193,207,1
89,41,63,134.0,59,6,123.0,55,17,137,148.0,223.0,150.0,76,12,3,186,188,0
90,39,57,114.0,48,7,135.0,51,18,139,155.0,261.0,151.0,85,12,8,183,182,0
98,44,88,176.0,67,10,158.0,43,20,149,173.0,367.0,154.0,66,14,9,194,202,0
102,55,101,213.0,67,12,222.0,30,25,177,226.0,719.0,213.0,71,2,21,187,199,1
86,40,66,139.0,59,7,122.0,54,17,139,145.0,225.0,143.0,63,7,11,202,208,0
101,49,103,212.0,67,10,201.0,33,23,156,215.0,601.0,174.0,69,4,11,189,196,3
109,55,96,191.0,57,6,241.0,28,26,170,267.0,857.0,242.0,85,8,9,184,184,2
92,45,74,187.0,74,7,157.0,41,19,143,179.0,375.0,183.0,70,8,6,195,201,2
88,34,58,140.0,59,6,127.0,52,18,130,148.0,243.0,113.0,63,4,10,199,206,0
93,39,86,180.0,59,9,167.0,39,20,134,186.0,418.0,129.0,63,6,17,197,204,1
96,37,74,187.0,68,8,159.0,42,20,134,183.0,378.0,134.0,69,3,16,190,197,1
88,43,70,177.0,74,19,152.0,44,19,143,180.0,342.0,168.0,76,1,9,186,189,2
88,44,84,135.0,55,12,155.0,44,20,158,176.0,351.0,164.0,75,7,11,183,195,0
92,40,66,111.0,48,7,139.0,50,19,140,159.0,277.0,148.0,85,12,19,182,183,0
88,44,70,151.0,61,8,143.0,46,18,143,163.0,311.0,173.0,68,7,8,196,203,2
94,39,75,184.0,72,8,155.0,42,19,133,175.0,365.0,145.0,70,4,5,192,200,2
107,51,103,182.0,56,11,213.0,31,24,162,226.0,673.0,217.0,72,2,4,188,198,1
86,38,58,119.0,56,4,118.0,57,17,129,140.0,208.0,152.0,78,9,2,184,186,0
79,39,72,127.0,53,9,142.0,48,19,135,165.0,295.0,144.0,77,7,21,181,189,3
90,39,89,181.0,62,8,175.0,38,21,132,200.0,458.0,154.0,70,11,15,189,195,1
86,45,66,126.0,57,8,148.0,46,19,145,170.0,321.0,186.0,86,0,7,179,182,2
113,48,98,208.0,62,9,203.0,33,23,151,216.0,613.0,183.0,64,17,29,193,204,1
87,49,86,190.0,64,9,177.0,37,21,153,197.0,471.0,209.0,67,11,7,192,199,3
108,56,102,246.0,75,6,239.0,28,26,167,264.0,855.0,228.0,82,9,13,186,185,2
86,40,66,138.0,59,4,137.0,49,18,133,162.0,279.0,151.0,74,6,14,186,190,1
85,43,66,121.0,54,7,150.0,46,19,147,169.0,324.0,175.0,87,0,5,179,182,2
101,56,101,231.0,72,10,217.0,31,24,171,232.0,698.0,216.0,72,2,6,187,197,1
105,55,96,181.0,56,9,219.0,30,25,175,231.0,713.0,216.0,74,4,5,187,194,3
88,39,88,194.0,69,8,168.0,40,20,133,199.0,416.0,151.0,74,3,22,186,192,3
113,53,93,197.0,62,11,216.0,31,24,165,221.0,688.0,196.0,72,6,25,188,199,1
89,42,75,140.0,55,6,145.0,46,19,139,170.0,312.0,166.0,71,15,26,191,198,3
98,35,70,182.0,68,5,155.0,41,19,124,184.0,371.0,117.0,71,3,22,202,205,2
101,48,85,191.0,60,11,175.0,38,21,153,192.0,458.0,187.0,62,5,22,197,210,1
108,54,103,212.0,65,11,208.0,32,24,162,228.0,648.0,240.0,71,9,0,189,197,1
91,40,83,166.0,60,8,160.0,41,20,133,189.0,383.0,155.0,72,5,7,186,191,1
86,43,69,123.0,54,6,150.0,46,19,144,174.0,325.0,177.0,87,3,7,180,182,2
97,35,66,151.0,64,8,128.0,52,18,129,148.0,246.0,112.0,66,6,2,195,200,0
105,53,108,206.0,63,12,222.0,31,25,168,226.0,712.0,201.0,71,15,35,189,203,1
94,43,69,161.0,59,7,152.0,43,19,143,175.0,349.0,187.0,67,12,11,193,198,1
96,45,87,169.0,67,10,154.0,44,19,149,167.0,351.0,174.0,67,9,8,192,201,0
89,47,80,131.0,54,11,160.0,43,20,163,175.0,369.0,174.0,77,1,7,182,193,0
104,55,105,216.0,68,11,205.0,32,23,169,221.0,623.0,216.0,71,9,18,189,196,3
109,54,103,220.0,66,11,214.0,31,24,167,229.0,677.0,212.0,70,1,23,188,201,1
109,53,103,210.0,63,11,219.0,30,25,172,229.0,707.0,212.0,71,6,3,188,199,1
99,54,100,199.0,62,9,200.0,33,23,166,222.0,600.0,241.0,70,2,7,189,198,3
92,46,82,170.0,58,8,165.0,40,20,149,181.0,409.0,164.0,61,8,11,200,208,3
84,38,66,138.0,62,6,126.0,54,18,132,144.0,232.0,139.0,70,4,7,185,190,3
85,42,66,120.0,53,7,149.0,45,19,145,173.0,325.0,163.0,85,5,4,180,182,2
89,36,68,141.0,59,8,139.0,47,18,130,166.0,291.0,127.0,73,7,1,189,196,0
108,53,104,181.0,56,11,220.0,31,25,167,226.0,712.0,214.0,72,15,18,189,199,1
104,54,101,197.0,64,11,213.0,31,24,172,218.0,669.0,222.0,74,14,4,187,196,1
100,51,89,199.0,65,6,201.0,32,23,159,219.0,622.0,205.0,74,6,7,193,193,2
85,35,64,129.0,57,6,116.0,57,17,125,138.0,200.0,123.0,65,1,23,196,203,0
98,55,108,168.0,53,11,224.0,30,25,178,231.0,737.0,217.0,73,8,30,187,198,3
84,38,74,138.0,57,8,139.0,49,18,127,160.0,282.0,127.0,72,9,20,183,191,3
89,38,78,153.0,61,7,146.0,46,19,127,166.0,314.0,142.0,69,0,9,187,194,3
104,55,105,223.0,70,10,223.0,30,25,177,237.0,737.0,218.0,75,14,11,188,196,3
84,44,65,128.0,55,8,150.0,46,19,148,169.0,325.0,176.0,82,1,11,179,183,2
80,36,69,127.0,56,7,128.0,53,18,124,147.0,240.0,133.0,70,2,21,183,191,3
79,43,72,141.0,62,8,153.0,44,19,144,175.0,344.0,174.0,78,0,8,182,188,2
89,43,77,147.0,54,8,144.0,46,19,146,163.0,308.0,174.0,64,13,5,194,201,1
83,40,59,116.0,53,7,132.0,52,18,137,145.0,250.0,157.0,84,12,6,177,183,0
89,50,83,195.0,65,6,178.0,37,21,156,207.0,481.0,210.0,71,1,6,189,194,3
90,40,83,178.0,61,8,178.0,37,21,132,199.0,472.0,157.0,71,1,14,187,193,3
88,42,66,133.0,57,6,123.0,54,17,144,147.0,227.0,160.0,66,8,4,193,198,0
96,43,82,161.0,55,5,186.0,34,22,141,215.0,534.0,162.0,75,0,6,195,196,2
93,39,63,146.0,58,7,128.0,52,18,134,149.0,246.0,158.0,63,9,7,198,204,1
98,46,77,199.0,71,7,166.0,39,20,150,184.0,422.0,180.0,69,13,9,200,203,2
93,39,78,164.0,66,8,139.0,48,18,140,157.0,290.0,126.0,64,4,7,201,208,0
100,51,109,231.0,70,11,220.0,30,25,163,238.0,722.0,206.0,73,11,19,189,198,3
90,36,85,184.0,64,6,160.0,41,20,125,187.0,385.0,139.0,66,9,31,195,203,1
88,40,79,183.0,62,7,176.0,38,21,138,200.0,462.0,150.0,66,0,29,189,199,3
97,53,105,225.0,71,12,221.0,30,25,167,226.0,713.0,202.0,70,3,20,186,200,1
84,37,70,150.0,61,7,137.0,49,18,140,156.0,278.0,121.0,64,0,23,196,205,0
86,39,62,129.0,59,6,116.0,57,17,135,137.0,203.0,145.0,64,7,9,199,204,0
85,38,72,130.0,53,9,134.0,51,18,132,145.0,261.0,123.0,65,1,24,188,198,3
87,42,60,116.0,51,6,150.0,46,19,141,169.0,324.0,171.0,85,2,14,178,182,2
103,56,105,183.0,59,10,210.0,32,24,173,217.0,648.0,218.0,72,13,22,188,196,3
90,49,85,141.0,57,11,159.0,43,20,167,173.0,365.0,186.0,75,1,11,182,192,0
80,34,42,110.0,57,3,114.0,59,17,119,131.0,191.0,121.0,87,4,7,179,183,3
92,37,75,191.0,71,6,161.0,40,20,128,180.0,393.0,135.0,69,1,14,195,202,2
85,33,50,104.0,53,4,115.0,59,17,118,136.0,193.0,127.0,83,1,30,179,185,1
88,34,69,152.0,57,5,138.0,48,18,122,158.0,284.0,120.0,62,9,29,204,210,3
92,42,69,153.0,58,8,140.0,48,18,138,165.0,290.0,151.0,64,10,21,199,206,3
83,37,49,112.0,55,5,122.0,55,17,128,144.0,219.0,146.0,85,8,16,180,184,0
98,39,68,136.0,56,8,131.0,52,18,144,159.0,251.0,134.0,72,4,10,186,187,0
97,55,96,170.0,54,10,216.0,31,24,173,219.0,685.0,218.0,75,0,4,184,193,3
108,56,103,234.0,73,10,221.0,30,25,174,232.0,718.0,214.0,73,8,3,187,197,1
90,48,81,144.0,60,9,150.0,44,19,156,173.0,333.0,200.0,75,2,0,185,195,0
96,40,100,178.0,58,8,181.0,37,21,134,205.0,486.0,160.0,68,5,34,192,202,1
106,52,108,207.0,64,12,221.0,31,25,168,229.0,709.0,200.0,73,22,38,190,205,1
84,36,75,136.0,55,6,140.0,48,18,125,166.0,290.0,138.0,71,4,36,189,195,1
104,53,101,190.0,63,10,213.0,32,24,166,218.0,664.0,202.0,74,13,21,188,198,1
83,44,70,166.0,69,5,143.0,46,18,143,166.0,306.0,170.0,69,7,6,188,193,2
88,44,71,165.0,70,7,144.0,46,19,141,167.0,312.0,172.0,71,4,4,188,193,2
98,51,84,207.0,72,7,184.0,35,21,161,199.0,520.0,198.0,72,9,11,196,199,2
90,42,63,144.0,59,7,131.0,50,18,142,154.0,259.0,162.0,65,15,3,197,204,0
86,40,63,135.0,56,5,133.0,50,18,135,152.0,262.0,166.0,70,9,2,187,191,1
103,49,107,179.0,54,12,208.0,32,24,159,214.0,644.0,183.0,66,1,12,191,200,3
86,44,70,140.0,64,6,148.0,45,19,145,170.0,322.0,185.0,82,10,1,181,183,2
102,52,101,213.0,64,10,203.0,33,23,157,214.0,616.0,186.0,65,0,19,193,203,3
81,38,53,123.0,58,6,134.0,51,18,128,147.0,259.0,148.0,83,10,6,177,184,3
97,41,62,133.0,56,7,130.0,52,18,143,158.0,247.0,157.0,78,5,7,184,186,0
96,41,69,153.0,56,7,141.0,47,18,141,162.0,297.0,169.0,61,11,8,202,209,1
86,44,65,129.0,56,6,152.0,45,19,150,168.0,331.0,177.0,83,4,13,178,183,2
97,49,76,203.0,73,7,178.0,36,21,157,194.0,487.0,186.0,72,0,7,197,200,2
108,55,105,230.0,68,11,218.0,30,24,171,228.0,709.0,210.0,69,14,4,190,197,3
91,52,98,196.0,62,9,193.0,34,22,161,216.0,562.0,244.0,69,3,1,190,199,3
84,43,76,180.0,75,7,155.0,43,19,143,180.0,359.0,173.0,77,5,12,185,190,2
95,46,104,208.0,66,9,191.0,35,22,148,210.0,543.0,169.0,68,0,28,190,200,1
95,43,83,198.0,69,6,177.0,36,21,139,189.0,484.0,163.0,68,6,4,196,198,2
96,46,88,160.0,64,9,151.0,44,19,148,173.0,339.0,182.0,70,15,11,192,199,0
86,44,77,155.0,60,7,152.0,44,19,141,174.0,345.0,161.0,72,9,0,187,192,3
90,38,79,185.0,69,6,160.0,40,20,130,178.0,393.0,133.0,66,2,14,198,205,2
85,38,75,132.0,54,7,147.0,46,19,131,171.0,318.0,145.0,75,7,25,183,188,1
105,53,105,184.0,57,11,211.0,31,24,168,224.0,661.0,218.0,71,0,15,186,197,1
89,38,77,161.0,62,7,149.0,45,19,129,174.0,327.0,153.0,71,6,21,188,193,1
98,55,104,213.0,67,9,206.0,32,23,167,223.0,629.0,220.0,72,5,19,187,196,1
85,40,66,136.0,58,6,142.0,48,19,137,164.0,295.0,164.0,77,2,22,182,186,1
97,37,78,181.0,62,8,161.0,41,20,131,182.0,389.0,117.0,62,2,28,203,211,3
97,41,92,197.0,63,10,179.0,37,21,140,197.0,481.0,136.0,63,4,3,197,204,3
100,47,88,190.0,60,10,171.0,38,21,155,186.0,440.0,169.0,59,15,18,201,210,1
86,35,44,110.0,54,2,119.0,57,17,121,139.0,208.0,137.0,90,6,1,180,183,0
84,42,76,156.0,64,7,151.0,44,19,143,179.0,339.0,157.0,75,0,20,187,193,2
89,45,85,149.0,59,11,158.0,43,20,158,177.0,362.0,173.0,75,12,16,183,193,0
91,39,77,153.0,59,8,139.0,48,18,139,159.0,289.0,123.0,62,8,17,201,209,0
96,50,94,215.0,67,9,187.0,35,22,158,214.0,525.0,214.0,67,8,6,193,201,1
88,35,60,143.0,59,7,128.0,52,18,129,147.0,246.0,109.0,62,1,6,202,209,0
110,46,100,197.0,61,9,193.0,34,22,149,209.0,561.0,160.0,65,11,7,194,203,1
87,41,66,140.0,58,6,148.0,46,19,136,164.0,318.0,178.0,79,19,2,181,185,1
89,47,83,169.0,61,8,164.0,40,20,150,189.0,402.0,190.0,72,7,10,187,193,1
90,43,72,157.0,64,8,136.0,49,18,145,158.0,279.0,167.0,64,4,6,201,209,0
90,47,85,161.0,64,10,163.0,42,20,160,177.0,389.0,185.0,73,9,0,185,195,0
102,43,96,197.0,63,10,185.0,36,22,142,202.0,513.0,139.0,65,8,12,195,204,3
110,53,104,223.0,66,10,211.0,32,24,164,223.0,659.0,210.0,67,5,16,190,203,1
94,46,91,175.0,70,12,157.0,43,20,155,172.0,358.0,192.0,69,15,21,190,200,0
85,44,66,125.0,58,6,148.0,45,19,145,170.0,323.0,185.0,84,8,1,180,183,2
95,51,96,196.0,63,9,190.0,35,22,161,208.0,543.0,235.0,68,13,0,191,198,3
103,41,83,194.0,63,9,175.0,38,21,142,199.0,455.0,138.0,65,7,30,197,206,3
97,47,88,183.0,60,7,197.0,33,23,148,214.0,596.0,201.0,74,8,0,192,191,2
91,35,66,159.0,59,7,147.0,45,19,131,169.0,322.0,123.0,64,1,1,197,203,3
92,37,80,180.0,67,8,154.0,43,19,129,180.0,353.0,144.0,69,6,9,190,195,1
100,58,109,230.0,70,11,226.0,30,25,182,234.0,752.0,207.0,72,0,13,187,198,3
82,43,73,158.0,68,7,151.0,44,19,145,181.0,337.0,173.0,80,2,17,183,188,2
105,51,80,207.0,71,6,195.0,33,22,159,214.0,579.0,188.0,75,6,20,194,194,2
86,45,70,122.0,56,7,148.0,45,19,144,170.0,324.0,186.0,84,9,5,180,183,2
89,41,76,183.0,73,7,157.0,42,19,136,181.0,373.0,153.0,74,8,12,191,195,2
95,46,76,162.0,66,11,162.0,42,20,155,175.0,381.0,172.0,74,8,4,184,193,0
96,46,70,194.0,70,6,167.0,39,20,148,183.0,427.0,171.0,69,17,10,200,203,2
90,46,73,137.0,58,11,161.0,43,20,158,170.0,373.0,186.0,76,0,9,182,193,0
110,56,109,199.0,57,5,251.0,27,27,169,272.0,928.0,268.0,82,11,10,183,183,2
99,38,74,184.0,66,6,164.0,39,20,131,193.0,414.0,137.0,71,2,22,200,202,2
85,42,66,120.0,53,7,149.0,46,19,143,169.0,321.0,160.0,85,10,7,180,182,2
88,40,69,146.0,59,7,130.0,51,18,134,147.0,252.0,144.0,64,1,1,193,200,3
106,57,107,235.0,67,6,262.0,26,28,171,285.0,987.0,260.0,86,9,31,180,184,2
89,35,52,121.0,57,4,122.0,55,17,125,139.0,220.0,128.0,82,5,13,181,184,1
105,51,105,197.0,60,11,191.0,35,22,162,207.0,545.0,194.0,64,18,4,196,205,1
94,40,85,186.0,62,9,169.0,39,20,139,184.0,430.0,133.0,61,2,9,200,210,1
86,45,71,170.0,70,6,146.0,45,19,146,172.0,321.0,189.0,71,10,8,187,191,2
108,51,100,206.0,63,10,196.0,34,23,159,214.0,576.0,201.0,65,7,16,194,205,1
90,46,75,133.0,55,11,160.0,43,20,161,173.0,369.0,171.0,77,0,16,182,192,0
100,43,92,197.0,62,10,180.0,36,21,143,200.0,489.0,153.0,64,6,9,195,205,1
92,41,66,125.0,52,7,139.0,50,18,143,160.0,275.0,161.0,81,7,19,182,184,0
89,38,82,156.0,59,8,153.0,43,19,129,179.0,351.0,137.0,70,1,1,187,192,1
92,37,75,184.0,70,6,154.0,42,19,131,184.0,363.0,127.0,71,0,4,198,202,2
83,42,71,152.0,64,7,149.0,45,19,142,172.0,331.0,158.0,74,2,2,184,190,2
93,47,83,165.0,60,7,167.0,40,20,147,197.0,417.0,201.0,73,12,4,187,192,3
106,53,98,192.0,58,11,217.0,31,24,166,228.0,693.0,191.0,71,11,24,188,198,3
108,49,103,200.0,62,10,206.0,32,23,155,227.0,635.0,215.0,72,6,16,189,198,1
96,48,83,177.0,59,8,171.0,39,21,152,195.0,438.0,196.0,67,15,0,195,201,3
93,43,78,162.0,64,8,137.0,48,18,145,156.0,281.0,159.0,63,17,12,203,210,0
99,52,104,177.0,55,10,210.0,32,24,166,219.0,657.0,215.0,73,3,2,187,194,3
110,54,102,201.0,64,11,213.0,31,24,171,222.0,669.0,221.0,73,17,16,188,198,1
82,43,70,250.0,105,55,139.0,48,18,145,231.0,289.0,172.0,99,4,9,190,199,0
92,35,58,136.0,58,6,122.0,55,17,132,142.0,222.0,116.0,64,6,17,197,203,0
94,49,82,137.0,56,10,159.0,43,20,160,176.0,367.0,186.0,76,10,7,183,192,0
95,42,96,197.0,65,9,178.0,37,21,141,199.0,474.0,149.0,67,1,29,193,200,3
102,54,98,201.0,61,6,225.0,29,25,165,246.0,766.0,231.0,79,9,14,188,187,2
100,54,102,206.0,65,10,198.0,33,23,164,224.0,587.0,240.0,72,4,11,187,196,1
105,45,100,195.0,61,10,198.0,33,23,149,214.0,586.0,186.0,67,8,5,192,200,1
107,53,108,211.0,63,11,219.0,31,25,168,228.0,704.0,198.0,69,10,21,190,203,1
94,44,70,186.0,72,8,153.0,42,19,144,171.0,361.0,178.0,67,7,2,199,206,2
100,52,109,225.0,68,10,222.0,30,25,165,241.0,731.0,207.0,73,7,28,188,199,3
97,41,88,184.0,59,9,175.0,38,21,140,192.0,459.0,147.0,63,1,5,196,205,1
96,46,74,202.0,74,5,163.0,39,20,149,185.0,408.0,191.0,70,7,8,196,200,2
104,52,110,172.0,53,10,219.0,30,25,166,235.0,711.0,218.0,74,10,28,188,198,3
104,53,101,199.0,65,11,213.0,31,24,168,216.0,667.0,221.0,72,12,12,187,198,1
91,38,76,172.0,61,8,167.0,40,20,134,196.0,415.0,145.0,71,0,28,189,198,3
105,54,108,234.0,70,12,215.0,31,24,168,226.0,687.0,228.0,68,4,22,189,201,1
94,45,85,163.0,68,10,157.0,44,20,156,170.0,357.0,176.0,73,17,11,187,195,0
105,46,100,195.0,61,9,193.0,34,22,150,207.0,557.0,161.0,65,5,9,194,202,3
94,45,85,160.0,63,10,158.0,43,20,157,174.0,367.0,162.0,68,1,6,189,199,0
91,37,76,138.0,55,8,132.0,51,18,135,157.0,256.0,124.0,69,0,12,191,192,0
102,48,105,214.0,64,10,201.0,33,23,152,214.0,600.0,178.0,64,0,25,192,204,1
96,44,68,190.0,70,7,155.0,41,19,145,179.0,372.0,166.0,67,5,7,202,206,2
85,36,72,127.0,56,7,127.0,54,18,125,144.0,233.0,123.0,70,3,30,184,194,3
103,48,96,232.0,71,10,205.0,32,23,153,226.0,633.0,197.0,71,2,15,188,196,3
101,55,107,200.0,61,11,225.0,30,25,178,228.0,730.0,204.0,74,8,35,187,201,3
103,52,103,170.0,52,7,236.0,28,26,160,254.0,816.0,250.0,82,3,23,183,184,2
85,45,73,167.0,69,8,143.0,46,18,148,173.0,307.0,176.0,71,2,0,190,199,0
114,57,102,181.0,52,6,257.0,26,28,169,287.0,968.0,261.0,85,2,21,182,184,2
88,40,55,114.0,53,7,132.0,53,18,139,142.0,249.0,158.0,87,0,7,176,183,0
86,37,77,144.0,54,7,154.0,43,19,127,179.0,352.0,145.0,71,14,13,186,191,3
102,51,104,217.0,67,10,204.0,32,23,162,220.0,621.0,195.0,68,3,19,188,197,1
105,51,93,160.0,51,7,217.0,30,24,165,240.0,703.0,208.0,81,9,25,188,188,2
100,50,98,204.0,63,6,218.0,30,24,156,232.0,719.0,213.0,77,8,7,189,189,2
96,44,85,166.0,66,10,155.0,43,19,150,167.0,355.0,159.0,67,3,10,192,202,0
109,52,104,199.0,60,12,215.0,31,24,162,220.0,691.0,212.0,67,11,7,189,199,1
87,39,74,165.0,66,6,145.0,45,19,134,173.0,318.0,139.0,70,3,21,195,200,2
90,41,78,145.0,55,7,138.0,48,18,138,161.0,284.0,158.0,67,0,1,192,197,3
98,48,101,203.0,65,9,197.0,33,23,152,216.0,584.0,174.0,68,2,5,189,197,1
96,46,88,174.0,68,10,155.0,43,19,148,173.0,354.0,182.0,69,14,15,194,202,0
85,43,69,141.0,62,7,152.0,44,19,145,178.0,341.0,179.0,84,1,4,181,184,2
91,42,66,142.0,58,9,134.0,50,18,142,163.0,268.0,164.0,69,6,5,191,197,0
80,43,68,123.0,53,7,150.0,46,19,147,169.0,327.0,176.0,81,7,14,179,184,2
93,46,85,169.0,66,9,151.0,44,19,147,169.0,339.0,179.0,67,0,4,195,204,0
93,51,90,209.0,69,8,183.0,36,22,156,211.0,506.0,230.0,70,6,1,189,196,1
96,40,78,170.0,58,7,174.0,38,21,139,197.0,455.0,160.0,68,3,29,191,200,1
85,36,51,115.0,56,5,119.0,57,17,124,139.0,207.0,127.0,81,13,5,181,184,0
100,36,73,199.0,73,6,162.0,40,20,127,189.0,401.0,125.0,72,6,19,200,204,2
91,36,72,162.0,60,8,150.0,44,19,133,166.0,334.0,121.0,63,2,22,196,205,1
91,41,64,148.0,61,8,129.0,51,18,142,161.0,249.0,153.0,68,6,12,194,201,0
86,39,58,125.0,55,5,117.0,57,17,134,140.0,204.0,148.0,69,7,6,190,194,0
95,53,95,202.0,65,10,193.0,34,22,160,220.0,559.0,237.0,71,3,2,188,196,1
91,43,72,142.0,56,7,149.0,45,19,140,168.0,327.0,165.0,72,13,23,186,191,1
81,45,68,137.0,60,7,152.0,45,19,151,167.0,333.0,179.0,81,3,13,179,183,2
94,50,84,138.0,57,10,156.0,44,20,170,171.0,351.0,187.0,77,5,6,182,191,0
107,45,92,197.0,62,10,188.0,35,22,148,202.0,526.0,159.0,64,12,20,195,203,3
115,51,100,201.0,60,12,196.0,34,23,162,207.0,573.0,184.0,62,22,1,198,208,1
90,44,69,152.0,64,7,135.0,49,18,145,165.0,272.0,162.0,75,3,2,187,191,0
102,52,98,225.0,71,10,214.0,31,24,164,228.0,682.0,199.0,71,0,16,187,196,3
103,53,106,172.0,55,10,212.0,32,24,168,220.0,660.0,223.0,73,16,24,187,197,1
84,43,70,123.0,54,8,151.0,45,19,146,173.0,332.0,176.0,81,1,12,181,184,2
98,38,78,191.0,65,8,169.0,39,20,136,197.0,430.0,141.0,67,9,20,192,199,1
88,39,70,166.0,66,7,148.0,44,19,134,167.0,332.0,143.0,69,5,13,193,201,2
91,46,101,199.0,65,9,196.0,34,23,146,219.0,574.0,199.0,73,5,8,186,194,3
91,36,83,162.0,61,8,142.0,47,19,128,163.0,298.0,137.0,63,0,31,193,200,1
80,44,68,120.0,53,8,151.0,45,19,146,170.0,333.0,190.0,80,4,16,180,185,2
97,48,105,212.0,64,11,201.0,33,23,155,212.0,602.0,162.0,64,2,7,193,202,3
92,52,93,204.0,67,9,189.0,35,22,161,214.0,536.0,240.0,72,2,5,188,195,3
87,42,70,139.0,59,7,149.0,45,19,142,177.0,327.0,156.0,78,6,9,185,188,2
94,37,72,146.0,60,9,133.0,50,18,135,161.0,262.0,128.0,69,2,7,192,195,0
97,38,75,188.0,68,6,171.0,37,20,129,199.0,450.0,137.0,74,2,6,197,199,2
96,45,101,201.0,66,9,192.0,34,22,143,218.0,552.0,195.0,73,3,19,189,197,1
106,53,98,154.0,47,4,237.0,28,26,164,263.0,838.0,222.0,82,4,17,185,184,2
111,50,103,199.0,60,11,211.0,31,24,156,223.0,663.0,188.0,68,9,9,190,200,1
96,39,64,111.0,48,8,134.0,52,18,141,160.0,258.0,139.0,80,7,20,183,184,0
109,47,96,206.0,64,9,198.0,33,23,150,219.0,586.0,191.0,70,4,13,190,198,1
88,42,64,151.0,62,8,130.0,51,18,142,150.0,253.0,161.0,63,3,2,203,210,0
87,44,98,211.0,70,10,189.0,35,22,141,214.0,535.0,178.0,71,2,21,187,194,3
107,54,96,201.0,62,12,218.0,31,24,170,221.0,694.0,217.0,71,2,21,187,198,1
87,37,52,116.0,54,6,115.0,58,17,126,135.0,196.0,144.0,74,11,22,186,190,0
85,43,66,123.0,56,6,148.0,46,19,145,166.0,319.0,171.0,85,6,11,179,182,2
107,55,103,213.0,68,11,219.0,30,25,172,221.0,709.0,216.0,70,10,7,187,197,1
93,37,70,126.0,52,9,127.0,53,18,137,156.0,238.0,119.0,71,2,13,191,190,0
115,52,100,203.0,62,10,217.0,31,24,165,229.0,697.0,214.0,72,14,4,188,197,1
90,39,85,160.0,59,7,163.0,41,20,131,189.0,396.0,158.0,71,7,13,186,192,1
85,43,66,120.0,54,5,148.0,46,19,145,168.0,320.0,174.0,87,8,2,179,181,2
86,43,68,150.0,64,9,138.0,48,18,143,161.0,285.0,174.0,69,6,0,192,201,0
100,51,104,163.0,52,10,206.0,32,23,164,217.0,631.0,193.0,69,5,21,188,196,3
98,46,88,191.0,63,6,192.0,34,22,147,215.0,563.0,174.0,73,2,26,194,197,2
87,41,76,165.0,67,7,148.0,45,19,140,171.0,327.0,152.0,72,7,13,188,195,2
83,40,53,114.0,53,6,132.0,53,18,140,142.0,247.0,157.0,86,8,7,176,183,0
85,38,63,130.0,55,7,122.0,55,17,130,137.0,219.0,144.0,64,20,8,195,201,3
111,53,108,211.0,61,11,207.0,32,23,167,217.0,636.0,216.0,64,21,2,196,205,1
103,56,100,185.0,59,11,216.0,31,24,173,219.0,684.0,219.0,75,15,11,186,194,3
92,39,76,180.0,71,6,152.0,43,19,131,179.0,350.0,143.0,72,6,14,195,200,2
88,41,80,147.0,62,8,146.0,45,19,144,169.0,318.0,161.0,71,4,16,188,197,0
84,38,60,128.0,56,5,132.0,50,18,130,148.0,261.0,141.0,75,8,4,185,188,3
89,44,80,191.0,66,6,162.0,40,20,143,189.0,396.0,180.0,66,13,11,194,199,3
93,47,84,205.0,71,7,176.0,36,21,152,190.0,476.0,201.0,70,7,19,198,201,2
104,52,101,206.0,62,10,198.0,33,23,161,207.0,587.0,204.0,64,2,5,195,204,3
81,43,68,148.0,64,7,150.0,45,19,144,175.0,330.0,171.0,80,1,2,182,185,2
88,45,82,155.0,56,8,154.0,43,19,149,180.0,357.0,170.0,69,3,0,188,193,1
103,51,105,174.0,56,11,210.0,32,24,163,222.0,650.0,222.0,73,8,9,187,196,1
83,46,68,139.0,59,6,150.0,44,19,146,172.0,336.0,183.0,74,5,3,185,191,2
79,38,55,120.0,55,5,142.0,48,19,128,153.0,295.0,145.0,81,4,2,180,183,1
97,55,103,197.0,63,11,215.0,31,24,172,219.0,677.0,219.0,75,5,24,185,194,3
83,39,69,127.0,54,5,135.0,49,18,131,155.0,274.0,162.0,69,16,6,187,190,3
98,38,72,192.0,69,5,166.0,38,20,131,189.0,427.0,138.0,70,1,3,200,202,2
90,48,77,132.0,56,10,157.0,44,20,164,169.0,354.0,187.0,78,1,3,182,191,0
85,43,66,123.0,55,7,150.0,45,19,146,172.0,326.0,173.0,83,4,15,180,183,2
81,45,68,154.0,69,22,151.0,45,19,147,186.0,335.0,186.0,88,1,10,180,185,2
90,48,85,157.0,64,11,161.0,43,20,167,175.0,375.0,186.0,74,3,16,185,195,0
104,53,108,204.0,64,11,220.0,31,25,172,226.0,707.0,203.0,71,14,30,189,203,1
95,43,96,202.0,65,10,189.0,35,22,143,217.0,534.0,166.0,71,6,27,190,197,3
93,42,98,192.0,63,9,185.0,36,22,138,206.0,508.0,173.0,70,10,21,189,197,1
87,38,71,123.0,53,8,137.0,49,18,127,158.0,277.0,145.0,75,0,9,181,186,1
104,56,96,231.0,74,11,220.0,30,25,172,223.0,713.0,218.0,73,6,16,186,195,3
95,41,82,170.0,65,9,145.0,46,19,145,163.0,314.0,140.0,64,4,8,199,207,0
105,54,105,213.0,67,10,200.0,33,23,163,214.0,597.0,214.0,68,10,20,190,198,3
106,55,96,196.0,60,12,221.0,30,25,173,225.0,717.0,214.0,72,9,13,186,196,3
86,39,84,149.0,57,8,156.0,43,20,133,185.0,358.0,157.0,74,0,23,183,190,3
95,49,92,193.0,62,10,178.0,37,21,154,200.0,478.0,171.0,64,2,0,198,206,3
99,57,100,177.0,54,13,224.0,30,25,188,223.0,726.0,213.0,72,4,7,185,198,3
89,42,66,125.0,53,7,131.0,51,18,144,162.0,254.0,162.0,73,10,17,188,191,0
95,49,82,139.0,56,11,159.0,43,20,162,173.0,365.0,185.0,75,7,10,182,191,0
97,37,70,173.0,66,7,151.0,43,19,129,167.0,346.0,119.0,65,0,16,201,208,2
100,47,70,185.0,70,7,162.0,40,20,153,179.0,406.0,172.0,68,9,6,200,205,2
108,49,109,204.0,61,11,212.0,31,24,159,229.0,665.0,215.0,71,16,11,190,199,1
92,46,83,154.0,56,6,160.0,41,20,148,185.0,382.0,184.0,71,10,5,186,191,1
82,36,51,114.0,53,4,135.0,50,18,126,150.0,268.0,144.0,86,15,4,181,182,1
111,58,105,183.0,51,6,265.0,26,29,174,285.0,1018.0,255.0,85,4,8,181,183,2
87,45,66,139.0,58,8,140.0,47,18,148,168.0,294.0,175.0,73,3,12,188,196,0
94,46,77,169.0,60,8,158.0,42,20,148,181.0,373.0,181.0,67,12,2,193,199,1
95,43,76,142.0,57,10,151.0,44,19,149,173.0,339.0,159.0,71,2,23,187,200,0
90,44,72,157.0,64,8,137.0,48,18,144,159.0,283.0,171.0,65,9,4,196,203,0
93,34,66,140.0,56,7,130.0,51,18,120,151.0,251.0,114.0,62,5,29,201,207,3
93,39,87,183.0,64,8,169.0,40,20,134,200.0,422.0,149.0,72,7,25,188,195,1
89,46,84,163.0,66,11,159.0,43,20,159,173.0,368.0,176.0,72,1,20,186,197,0
106,54,101,222.0,67,12,222.0,30,25,173,228.0,721.0,200.0,70,3,4,187,201,1
86,36,78,146.0,58,7,135.0,50,18,124,155.0,270.0,148.0,66,0,25,190,195,1
85,36,66,123.0,55,5,120.0,56,17,128,140.0,212.0,131.0,73,1,18,186,190,0
