age,delivery_number,delivery_time,blood_of_pressure,heart_problem,label
22,1,timely,high,no,0
26,2,timely,normal,no,1
26,2,premature,normal,no,0
28,1,timely,high,no,0
22,2,timely,normal,no,1
26,1,premature,low,no,0
27,2,timely,normal,no,0
32,3,timely,normal,no,1
28,2,timely,normal,no,0
27,1,premature,normal,no,1
36,1,timely,normal,no,0
33,1,premature,low,no,1
23,1,premature,normal,no,0
20,1,timely,normal,yes,0
29,1,latecomer,low,yes,1
25,1,latecomer,low,no,0
25,1,timely,normal,no,0
20,1,latecomer,high,no,1
37,3,timely,normal,yes,1
24,1,latecomer,low,yes,1
26,1,premature,normal,no,0
33,2,timely,low,yes,1
25,1,premature,high,no,0
27,1,timely,low,yes,1
20,1,timely,high,yes,1
18,1,timely,normal,no,0
18,1,premature,high,yes,1
30,1,timely,normal,no,0
32,1,timely,high,yes,1
26,2,premature,normal,yes,0
25,1,timely,low,no,0
40,1,timely,normal,yes,1
32,2,timely,high,yes,1
27,2,timely,normal,yes,1
26,2,latecomer,normal,no,1
28,3,timely,high,no,1
33,1,premature,normal,no,0
31,2,latecomer,normal,no,0
31,1,timely,normal,no,0
26,1,latecomer,low,yes,1
27,1,timely,high,yes,1
19,1,timely,normal,no,1
36,1,premature,high,no,1
22,1,timely,normal,no,1
36,4,timely,high,yes,1
28,3,timely,normal,yes,1
26,1,timely,normal,no,0
32,2,timely,high,yes,1
26,2,latecomer,normal,no,0
29,2,timely,low,yes,1
33,3,latecomer,normal,yes,0
21,2,premature,low,yes,1
30,3,latecomer,high,no,0
35,1,premature,low,no,0
29,2,timely,normal,yes,1
25,2,timely,normal,no,0
32,3,premature,low,yes,1
21,1,timely,low,no,1
26,1,timely,high,no,1
30,2,premature,high,yes,1
22,1,latecomer,high,no,0
19,1,timely,normal,no,1
32,2,timely,low,no,1
32,2,timely,normal,yes,1
31,1,latecomer,high,yes,0
35,2,timely,normal,no,1
28,3,timely,normal,no,1
29,2,timely,normal,yes,0
25,1,timely,low,no,1
27,2,latecomer,low,no,0
17,1,timely,low,no,1
29,1,latecomer,low,yes,1
28,2,timely,normal,no,0
32,3,timely,normal,yes,0
38,3,latecomer,high,yes,1
27,2,premature,normal,no,0
33,4,timely,normal,no,1
29,2,premature,high,no,1
25,1,latecomer,low,no,1
24,2,latecomer,normal,no,0
