wife_age,wife_education,husband_education,num_children,wife_religion,wife_working,husband_occupation,living_index,media_exposure,label
24,medium_low,medium_high,3,islam,no,medium_low,medium_high,good,1
45,low,medium_high,10,islam,no,medium_high,high,good,1
43,medium_low,medium_high,7,islam,no,medium_high,high,good,1
42,medium_high,medium_low,9,islam,no,medium_high,medium_high,good,1
36,medium_high,medium_high,8,islam,no,medium_high,medium_low,good,1
19,high,high,0,islam,no,medium_high,medium_high,good,1
38,medium_low,medium_high,6,islam,no,medium_high,medium_low,good,1
21,medium_high,medium_high,1,islam,yes,medium_high,medium_low,good,1
27,medium_low,medium_high,3,islam,no,medium_high,high,good,1
45,low,low,8,islam,no,medium_low,medium_low,not_good,1
38,low,medium_high,2,islam,yes,medium_high,medium_high,not_good,1
42,low,high,4,islam,no,low,medium_high,good,1
44,high,high,1,islam,yes,low,high,good,1
42,medium_low,high,1,islam,yes,medium_high,medium_high,good,1
38,medium_high,high,2,islam,no,medium_low,medium_high,good,1
26,medium_low,high,0,islam,no,high,low,good,1
48,low,low,7,islam,no,medium_low,high,good,1
39,medium_low,medium_low,6,islam,no,medium_low,high,good,1
37,medium_low,medium_low,8,islam,no,medium_low,medium_high,good,1
39,medium_low,low,5,islam,no,medium_low,low,not_good,1
26,medium_high,high,1,islam,yes,high,low,good,1
24,medium_high,high,0,islam,yes,medium_high,low,good,1
46,high,high,1,non_islam,no,low,high,good,1
39,high,high,1,islam,no,low,high,good,1
48,high,high,5,islam,no,low,high,good,1
40,medium_low,high,8,islam,no,medium_high,medium_high,good,1
38,high,high,1,islam,yes,low,high,good,1
29,high,high,0,islam,yes,low,high,good,1
24,high,high,0,islam,yes,medium_low,medium_low,good,1
43,low,medium_low,8,islam,no,medium_low,high,good,1
31,medium_high,high,2,islam,no,low,high,good,1
31,high,high,2,islam,no,medium_high,medium_low,good,1
26,medium_low,high,0,islam,yes,low,medium_low,good,1
33,medium_low,medium_low,2,islam,no,medium_high,low,good,1
24,medium_low,medium_high,1,islam,no,medium_high,medium_high,good,1
42,low,medium_high,9,islam,no,medium_high,medium_low,not_good,1
43,low,medium_low,8,islam,yes,medium_high,low,good,1
25,medium_high,medium_high,4,islam,no,medium_high,medium_low,good,1
42,medium_low,medium_low,3,islam,no,medium_high,high,good,1
28,medium_low,medium_low,1,islam,no,medium_low,high,good,1
28,low,low,3,islam,no,medium_high,low,good,1
47,medium_low,medium_high,0,islam,yes,low,medium_high,good,1
48,medium_low,high,2,islam,no,low,medium_high,good,1
40,high,high,2,non_islam,no,low,high,good,1
28,medium_low,medium_low,1,islam,no,medium_high,medium_low,good,1
25,low,high,1,islam,no,medium_low,low,good,1
32,high,high,2,islam,no,medium_low,medium_high,good,1
45,high,high,0,islam,no,medium_low,high,good,1
26,high,high,1,islam,no,low,high,good,1
26,high,high,0,islam,yes,low,high,good,1
31,high,high,0,islam,yes,low,high,good,1
49,high,high,7,non_islam,no,medium_low,high,good,1
40,medium_high,high,8,islam,no,medium_high,medium_high,good,1
34,high,high,1,non_islam,yes,medium_low,medium_high,good,1
36,medium_low,high,5,islam,no,medium_low,medium_high,good,1
20,medium_low,medium_low,2,islam,no,medium_low,medium_low,not_good,1
43,high,high,5,islam,yes,low,high,good,1
37,medium_high,high,7,islam,no,medium_low,low,good,1
21,medium_low,medium_high,0,islam,no,medium_high,high,good,1
49,high,high,6,islam,no,low,medium_low,good,1
42,medium_high,medium_high,10,islam,no,medium_high,medium_high,good,1
20,medium_low,medium_high,1,islam,no,medium_low,medium_high,good,1
47,low,medium_low,2,islam,yes,low,medium_high,good,1
22,medium_low,medium_high,1,islam,no,medium_low,low,good,1
27,medium_low,high,1,islam,yes,low,medium_high,good,1
24,medium_low,high,1,islam,no,medium_high,low,good,1
44,high,medium_low,8,islam,no,medium_high,medium_high,good,1
30,medium_low,medium_high,3,islam,no,medium_high,low,good,1
23,medium_high,high,2,islam,no,medium_high,high,good,1
25,high,high,1,islam,yes,medium_high,medium_high,good,1
47,medium_low,medium_high,4,islam,no,medium_low,medium_high,good,1
48,medium_low,medium_high,8,islam,no,low,high,good,1
29,medium_low,medium_high,1,islam,no,low,low,good,1
29,medium_low,medium_high,1,islam,no,low,medium_low,good,1
21,medium_high,high,0,islam,no,medium_low,medium_high,good,1
21,medium_high,high,1,islam,no,medium_low,medium_high,good,1
29,high,high,0,islam,yes,medium_low,high,good,1
45,medium_high,high,3,islam,no,low,high,good,1
33,medium_low,medium_high,2,islam,no,medium_high,medium_low,good,1
38,high,high,1,islam,yes,low,high,good,1
24,high,high,0,non_islam,no,low,high,good,1
49,high,high,6,non_islam,yes,low,high,good,1
24,medium_low,high,1,islam,yes,high,high,good,1
28,high,high,0,non_islam,yes,low,high,good,1
30,high,high,2,islam,no,low,high,good,1
33,high,high,2,islam,no,low,high,good,1
25,high,high,1,islam,no,low,medium_high,good,1
35,high,high,3,non_islam,no,low,high,good,1
27,medium_low,high,4,islam,no,low,high,good,1
24,medium_low,medium_low,3,islam,yes,medium_low,low,good,1
25,medium_low,medium_high,0,islam,no,medium_low,low,good,1
46,medium_low,high,6,islam,no,low,high,good,1
26,medium_low,medium_low,3,islam,no,medium_low,low,good,1
38,medium_low,medium_low,1,islam,yes,medium_high,medium_low,good,1
47,low,medium_low,3,islam,no,low,medium_high,good,1
41,low,medium_high,10,islam,no,medium_low,medium_high,not_good,1
41,medium_low,medium_high,1,islam,yes,medium_low,medium_high,good,1
28,high,high,5,islam,no,medium_low,low,good,1
17,medium_low,medium_low,3,islam,no,medium_high,low,good,1
27,medium_low,medium_high,5,islam,no,medium_low,low,good,1
27,low,medium_low,4,islam,no,medium_high,low,not_good,1
19,medium_low,medium_high,0,islam,yes,medium_low,medium_low,good,1
27,medium_low,high,3,islam,yes,medium_high,medium_low,good,1
26,high,medium_high,4,islam,no,medium_low,medium_high,good,1
23,medium_low,high,2,islam,no,medium_high,medium_high,good,1
40,medium_high,medium_high,3,islam,no,medium_high,medium_low,good,1
22,high,high,0,islam,no,low,low,good,1
44,medium_high,high,4,islam,yes,low,medium_high,good,1
29,medium_low,medium_high,2,islam,no,medium_high,low,good,1
26,medium_low,medium_high,3,islam,no,medium_high,low,good,1
45,high,high,1,islam,yes,medium_high,medium_high,good,1
32,medium_high,medium_high,7,islam,yes,medium_low,medium_high,good,1
21,high,high,1,islam,no,low,high,good,1
31,medium_low,medium_low,4,islam,no,medium_high,medium_high,good,1
21,medium_high,high,0,islam,no,low,medium_high,good,1
37,high,high,1,islam,no,low,high,good,1
34,high,high,3,non_islam,yes,medium_high,medium_high,good,1
44,medium_high,high,1,islam,no,low,medium_high,good,1
49,high,medium_high,5,islam,no,medium_low,medium_high,good,1
26,medium_low,medium_high,2,islam,no,medium_high,medium_high,good,1
38,low,medium_low,1,islam,no,medium_low,high,not_good,1
36,medium_low,medium_high,5,islam,no,medium_low,medium_high,good,1
26,medium_high,high,2,islam,no,medium_high,medium_high,good,1
20,medium_low,medium_high,1,non_islam,no,medium_high,medium_low,good,1
44,medium_low,low,3,islam,yes,medium_high,medium_low,good,1
31,medium_high,high,2,islam,no,low,medium_low,not_good,1
45,high,high,1,islam,no,low,medium_high,good,1
36,medium_low,medium_high,2,islam,no,medium_high,medium_low,not_good,1
43,low,medium_high,2,islam,yes,medium_low,medium_low,not_good,1
25,medium_high,high,0,islam,no,low,medium_high,good,1
48,medium_high,high,3,islam,no,medium_high,low,good,1
30,high,high,0,non_islam,yes,low,medium_high,good,1
48,low,medium_low,8,islam,no,medium_high,low,good,1
28,medium_high,high,1,islam,no,medium_high,low,not_good,1
26,high,high,1,islam,no,low,medium_high,good,1
26,medium_high,medium_high,3,islam,yes,medium_low,high,good,1
24,high,high,2,islam,no,medium_high,medium_high,good,1
21,medium_high,medium_high,2,islam,no,medium_low,medium_low,good,1
30,high,high,2,non_islam,no,medium_high,low,good,1
20,high,high,1,islam,no,low,high,good,1
33,high,high,2,islam,no,low,medium_high,good,1
30,high,high,0,non_islam,yes,medium_high,medium_high,good,1
47,high,high,1,islam,yes,low,medium_high,good,1
35,high,high,2,non_islam,no,medium_high,medium_high,good,1
30,medium_low,high,2,islam,no,medium_high,high,good,1
33,high,high,3,islam,no,low,high,good,1
45,high,high,4,islam,no,medium_low,medium_high,good,1
41,high,high,2,islam,no,low,high,good,1
32,high,high,1,islam,yes,low,medium_high,good,1
43,high,high,5,islam,no,low,high,good,1
44,high,high,3,islam,no,medium_low,high,good,1
21,low,medium_high,4,islam,no,medium_high,medium_low,good,1
44,medium_high,high,2,islam,no,low,high,not_good,1
23,high,high,2,islam,no,medium_low,high,good,1
47,low,medium_low,4,islam,no,medium_low,medium_low,good,1
47,low,low,7,islam,no,medium_low,medium_high,not_good,1
35,high,high,2,islam,yes,medium_low,high,good,1
32,medium_low,high,4,islam,no,medium_high,medium_low,good,1
45,low,high,5,islam,no,low,medium_low,not_good,1
22,medium_low,medium_low,2,islam,no,medium_high,low,good,1
23,low,low,3,islam,no,medium_low,low,not_good,1
30,high,high,0,islam,yes,low,high,good,1
44,low,medium_high,0,islam,no,medium_low,medium_high,good,1
40,medium_high,medium_high,1,islam,yes,medium_high,medium_high,good,1
34,high,high,4,islam,no,medium_low,medium_high,good,1
37,medium_high,high,1,islam,no,medium_low,high,good,1
49,medium_high,high,5,islam,no,low,high,good,1
26,high,high,1,islam,no,low,high,good,1
22,high,high,0,islam,no,medium_low,high,good,1
20,medium_high,high,0,islam,yes,medium_low,high,good,1
47,high,high,4,islam,no,low,high,good,1
49,medium_low,medium_low,8,islam,yes,medium_high,low,good,1
22,medium_low,high,1,islam,no,medium_low,high,good,1
22,medium_high,medium_high,2,islam,no,medium_high,high,good,1
25,medium_high,medium_low,2,islam,no,medium_high,medium_low,good,1
32,medium_low,high,0,islam,yes,medium_high,high,good,1
28,high,high,0,non_islam,no,low,medium_high,good,1
30,medium_low,high,4,islam,yes,low,high,good,1
45,medium_low,high,2,islam,yes,medium_low,high,good,1
49,medium_low,low,10,islam,yes,medium_low,high,good,1
34,high,high,2,islam,yes,low,high,good,1
25,medium_low,high,1,islam,no,medium_low,medium_low,good,1
42,low,medium_high,12,islam,no,medium_high,medium_high,good,1
48,medium_low,low,3,islam,yes,high,medium_high,good,1
35,medium_high,high,5,islam,yes,medium_low,medium_low,good,1
33,medium_low,medium_high,1,islam,no,medium_high,high,good,1
20,medium_low,high,0,islam,no,medium_high,medium_low,good,1
36,medium_low,medium_high,4,islam,no,medium_high,low,not_good,1
19,medium_high,medium_high,2,islam,no,medium_high,medium_low,good,1
27,medium_high,medium_low,3,islam,no,medium_high,medium_low,good,1
30,low,medium_low,4,islam,no,high,low,good,1
31,medium_high,high,3,islam,yes,medium_high,medium_low,good,1
44,low,low,11,islam,no,high,low,not_good,1
24,medium_high,medium_high,2,islam,no,medium_high,medium_high,good,1
18,medium_high,high,0,islam,yes,medium_high,low,good,1
45,low,medium_low,6,islam,no,medium_high,medium_high,not_good,1
25,medium_low,medium_low,3,islam,yes,medium_high,low,good,1
36,medium_high,high,6,islam,no,medium_low,high,good,1
30,low,low,5,islam,no,medium_low,medium_low,good,1
32,medium_low,high,2,islam,no,medium_high,medium_high,good,1
42,low,high,11,non_islam,no,medium_low,medium_low,not_good,1
22,medium_low,high,0,islam,no,medium_high,medium_high,good,1
36,medium_low,high,2,islam,yes,medium_low,high,good,1
27,medium_low,medium_high,2,islam,no,medium_high,medium_high,good,1
40,medium_high,high,1,islam,no,low,medium_low,good,1
22,medium_low,medium_high,2,islam,no,medium_high,low,good,1
26,medium_low,high,0,islam,no,medium_high,low,good,1
31,medium_high,high,0,islam,yes,medium_low,medium_high,good,1
32,high,high,1,islam,no,low,high,good,1
34,medium_low,medium_high,3,islam,yes,medium_high,medium_low,good,1
40,medium_high,medium_high,1,non_islam,no,medium_high,high,good,1
45,low,medium_low,1,islam,yes,medium_high,medium_high,good,1
26,medium_high,high,3,islam,no,medium_high,medium_low,good,1
48,low,medium_high,5,islam,no,medium_high,medium_low,good,1
43,low,medium_high,8,islam,no,medium_high,low,good,1
27,medium_high,high,2,islam,yes,medium_low,medium_low,good,1
42,medium_high,medium_low,1,islam,no,medium_high,medium_high,good,1
34,medium_high,medium_low,8,islam,yes,medium_low,medium_high,not_good,1
32,medium_high,medium_low,4,islam,no,medium_low,medium_low,not_good,1
31,medium_high,medium_high,2,islam,yes,medium_low,medium_high,good,1
22,medium_low,medium_high,1,islam,no,medium_high,medium_high,good,1
27,medium_high,high,0,islam,no,medium_high,medium_high,good,1
37,low,medium_low,2,islam,no,medium_low,medium_low,not_good,1
22,low,medium_low,0,islam,no,medium_low,high,good,1
47,high,high,4,islam,no,low,high,good,1
32,high,high,4,islam,yes,low,medium_high,good,1
37,medium_high,medium_high,2,islam,no,low,high,good,1
45,low,medium_high,1,islam,no,medium_low,medium_high,not_good,1
47,low,high,8,islam,no,medium_high,medium_high,good,1
28,medium_high,high,0,islam,no,medium_high,medium_low,good,1
48,low,medium_high,4,islam,no,medium_high,high,not_good,1
26,medium_low,high,1,islam,no,low,medium_high,good,1
21,medium_high,high,0,islam,yes,medium_high,low,good,1
20,medium_low,medium_high,1,islam,no,medium_low,high,good,1
39,low,low,5,islam,yes,medium_high,low,not_good,1
27,medium_low,medium_high,1,islam,yes,medium_high,high,good,1
37,medium_low,medium_high,5,islam,yes,medium_high,medium_low,good,1
24,high,high,1,islam,no,medium_high,medium_high,good,1
39,medium_high,medium_high,6,islam,no,medium_high,medium_high,good,1
20,medium_high,medium_high,1,islam,no,medium_low,medium_high,good,1
19,medium_high,high,1,islam,no,medium_low,medium_high,good,1
40,medium_high,medium_high,4,islam,no,medium_low,medium_low,good,1
41,low,high,4,islam,no,medium_high,medium_high,good,1
22,high,high,2,islam,no,low,medium_high,good,1
32,medium_high,high,4,islam,no,low,high,good,1
34,high,high,2,non_islam,no,low,high,good,1
34,high,high,2,islam,yes,low,medium_high,good,1
23,high,high,2,islam,no,low,high,good,1
27,high,high,1,islam,no,low,medium_low,good,1
46,medium_high,medium_low,11,islam,yes,medium_low,medium_low,not_good,1
34,high,high,3,non_islam,no,low,medium_low,good,1
33,high,high,5,islam,no,medium_high,medium_high,good,1
25,medium_high,medium_high,1,islam,no,medium_high,medium_low,good,1
26,high,high,1,islam,yes,low,high,good,1
48,low,medium_high,4,islam,no,medium_high,medium_high,not_good,1
36,high,high,2,islam,no,medium_high,medium_high,good,1
38,medium_high,high,2,non_islam,no,medium_low,high,good,1
44,low,medium_low,7,islam,no,medium_high,high,good,1
44,medium_low,medium_low,1,islam,yes,medium_high,medium_low,good,1
39,medium_high,medium_high,1,non_islam,no,medium_high,high,good,1
47,low,medium_low,7,islam,yes,medium_high,medium_low,good,1
43,low,medium_high,5,islam,yes,medium_high,medium_low,good,1
29,medium_high,medium_high,3,islam,yes,medium_low,high,good,1
22,medium_high,medium_high,0,islam,no,medium_low,medium_low,good,1
31,medium_low,high,5,islam,no,medium_high,medium_low,good,1
22,high,high,0,islam,no,low,medium_high,good,1
45,medium_high,high,6,islam,no,medium_low,high,good,1
42,medium_high,high,10,islam,yes,medium_high,medium_low,good,1
38,medium_high,medium_high,7,islam,no,medium_high,low,good,1
47,low,low,6,islam,yes,medium_high,low,good,1
30,high,high,2,islam,no,low,high,good,1
28,medium_high,high,1,islam,no,medium_high,high,good,1
25,medium_high,high,1,islam,no,medium_low,low,good,1
49,medium_low,high,6,non_islam,no,medium_low,medium_high,good,1
23,medium_high,high,2,islam,yes,medium_low,medium_high,good,1
35,medium_high,high,1,non_islam,no,medium_low,medium_high,good,1
47,medium_low,low,5,non_islam,no,medium_low,high,good,1
35,medium_low,medium_high,0,islam,no,medium_low,high,good,1
44,medium_high,high,6,islam,no,medium_high,high,good,1
48,high,high,3,islam,no,medium_low,high,good,1
43,medium_low,medium_high,6,islam,yes,medium_high,medium_high,good,1
21,medium_low,high,2,islam,no,medium_high,low,good,1
22,high,high,0,islam,no,low,high,good,1
41,medium_high,medium_high,5,islam,no,medium_high,high,good,1
29,medium_low,high,2,islam,yes,high,high,not_good,1
44,high,high,5,non_islam,no,medium_low,high,good,1
22,high,high,0,islam,yes,low,high,good,1
23,medium_low,high,4,islam,no,medium_high,medium_high,good,1
22,medium_low,low,0,islam,no,medium_high,medium_low,good,1
35,low,medium_high,0,islam,no,medium_low,medium_low,not_good,1
24,high,high,1,islam,no,medium_low,medium_low,good,1
36,high,high,4,islam,no,low,high,good,1
47,low,medium_low,2,islam,no,medium_low,high,good,1
40,high,high,3,islam,no,medium_high,high,good,1
29,high,high,1,islam,no,low,medium_high,good,1
49,medium_high,high,6,islam,no,low,high,good,1
49,medium_high,high,9,islam,no,low,high,good,1
47,high,high,2,islam,no,low,high,good,1
28,high,high,3,non_islam,no,low,high,good,1
26,high,high,1,islam,no,low,high,good,1
29,low,medium_low,7,islam,no,medium_low,high,good,1
29,high,medium_low,0,islam,yes,medium_low,medium_low,good,1
25,medium_high,medium_high,1,islam,no,medium_high,high,good,1
24,medium_low,high,2,islam,no,medium_high,high,good,1
23,high,high,1,islam,yes,medium_low,high,good,1
23,high,high,2,islam,yes,medium_high,medium_high,good,1
44,low,medium_low,2,islam,no,medium_low,high,good,1
39,medium_high,high,6,islam,no,low,high,good,1
21,medium_high,medium_high,0,islam,no,medium_low,medium_low,good,1
22,medium_high,high,2,islam,no,medium_low,medium_high,good,1
47,medium_high,high,3,islam,no,medium_low,medium_high,good,1
36,medium_high,medium_high,2,islam,yes,medium_low,high,good,1
25,low,high,2,islam,yes,medium_high,medium_high,not_good,1
40,high,high,2,islam,no,medium_high,high,good,1
36,medium_low,medium_low,0,non_islam,yes,medium_high,medium_high,good,1
37,medium_low,medium_high,5,non_islam,yes,medium_low,high,good,1
28,low,high,2,islam,yes,medium_low,medium_high,good,1
30,medium_high,medium_high,5,islam,yes,medium_high,high,good,1
16,medium_high,high,1,islam,no,medium_high,medium_high,good,1
32,medium_low,medium_high,4,non_islam,no,medium_low,high,good,1
40,high,high,3,non_islam,no,medium_high,high,good,1
40,low,low,2,islam,yes,medium_high,high,good,1
45,medium_high,high,2,non_islam,no,low,high,good,1
21,low,medium_high,0,islam,yes,medium_high,high,not_good,1
28,high,high,1,non_islam,no,low,medium_high,good,1
25,high,high,1,non_islam,no,medium_low,medium_high,good,1
44,low,medium_high,4,islam,no,medium_high,medium_high,not_good,1
35,high,high,2,non_islam,no,medium_high,high,good,1
49,high,high,4,islam,no,medium_high,high,good,1
39,medium_high,high,1,non_islam,no,medium_high,high,good,1
32,medium_high,high,1,non_islam,no,medium_low,high,good,1
35,low,medium_low,0,islam,yes,high,high,good,1
21,low,medium_low,1,islam,yes,medium_high,high,good,1
47,high,high,1,non_islam,no,low,high,good,1
27,high,high,1,non_islam,no,medium_high,high,good,1
31,medium_low,medium_low,8,islam,no,medium_low,medium_low,not_good,1
34,high,medium_high,0,non_islam,yes,medium_high,medium_high,good,1
30,high,high,3,islam,yes,medium_low,high,good,1
25,high,high,0,islam,yes,medium_low,high,good,1
28,medium_high,high,3,islam,no,medium_low,low,good,1
30,medium_low,medium_high,4,islam,yes,medium_high,medium_low,good,1
42,medium_high,medium_high,8,islam,no,high,medium_high,good,1
23,high,high,0,non_islam,no,medium_low,high,good,1
45,medium_high,high,3,non_islam,no,medium_high,high,good,1
21,high,high,1,islam,no,medium_high,medium_high,good,1
28,high,high,1,non_islam,no,medium_low,high,good,1
33,high,high,1,non_islam,yes,medium_high,high,good,1
32,low,medium_low,4,islam,no,medium_high,medium_low,not_good,1
25,medium_low,medium_low,3,islam,no,medium_high,medium_high,good,1
25,medium_high,medium_high,1,islam,no,medium_high,low,good,1
19,medium_low,medium_low,2,islam,no,medium_high,low,good,1
40,low,medium_low,6,islam,no,medium_high,low,not_good,1
24,medium_low,medium_low,2,islam,no,medium_high,low,not_good,1
32,medium_low,medium_low,1,islam,no,medium_low,low,good,1
35,medium_low,medium_high,8,islam,no,medium_high,medium_low,good,1
27,medium_low,medium_low,1,islam,yes,medium_high,medium_low,not_good,1
23,medium_low,high,2,islam,no,low,high,good,1
22,medium_low,high,4,islam,no,medium_high,high,good,1
49,medium_low,medium_high,0,islam,no,low,medium_low,good,1
25,medium_low,medium_high,0,islam,no,medium_low,high,good,1
18,medium_high,high,1,islam,no,medium_high,low,good,1
43,medium_high,medium_high,4,islam,no,medium_low,high,good,1
37,low,medium_high,0,islam,no,medium_high,high,good,1
30,medium_low,medium_high,2,islam,yes,medium_low,high,good,1
29,medium_high,medium_low,0,islam,no,medium_low,medium_low,good,1
20,medium_low,medium_high,3,islam,no,medium_high,high,good,1
42,medium_high,medium_high,3,islam,yes,medium_low,high,good,1
23,high,high,1,islam,no,medium_low,medium_high,good,1
34,medium_low,medium_high,7,islam,yes,medium_high,medium_high,good,1
23,medium_high,medium_high,6,islam,no,medium_high,medium_high,good,1
38,medium_high,medium_high,5,islam,no,low,high,good,1
37,medium_low,medium_high,4,islam,no,medium_low,medium_high,good,1
17,medium_low,medium_high,1,islam,no,medium_high,medium_low,good,1
39,medium_high,high,3,islam,no,low,high,good,1
49,low,medium_high,0,islam,no,medium_high,medium_high,not_good,1
23,medium_high,medium_high,2,islam,no,medium_low,medium_low,good,1
40,medium_high,medium_high,3,islam,no,medium_low,medium_low,not_good,1
32,medium_low,high,5,islam,no,medium_low,medium_high,good,1
18,medium_low,medium_high,1,islam,no,medium_low,medium_high,good,1
46,low,medium_low,8,islam,no,medium_high,medium_high,not_good,1
37,medium_high,medium_high,6,islam,no,medium_low,medium_low,good,1
38,medium_low,high,5,non_islam,no,medium_low,medium_low,good,1
37,medium_low,medium_high,2,non_islam,yes,medium_high,medium_high,good,1
25,medium_low,medium_high,1,islam,yes,medium_low,low,good,1
38,medium_low,high,5,islam,no,medium_high,medium_high,good,1
39,high,high,2,islam,yes,low,high,good,1
44,high,high,3,islam,yes,low,high,not_good,1
19,high,high,0,non_islam,no,medium_high,high,good,1
28,medium_low,high,1,islam,yes,medium_high,high,good,1
20,medium_low,medium_high,1,islam,no,medium_high,high,good,1
33,high,high,0,islam,yes,medium_high,medium_high,good,1
33,high,high,5,islam,no,medium_high,high,good,1
47,low,high,6,islam,no,low,high,good,1
25,medium_high,medium_high,0,islam,no,medium_high,high,good,1
29,high,high,0,islam,yes,medium_low,high,good,1
37,high,high,2,non_islam,no,low,high,good,1
49,low,medium_high,6,islam,no,medium_low,high,good,1
48,low,low,8,islam,yes,medium_low,medium_low,not_good,1
19,medium_low,medium_low,0,islam,no,medium_low,medium_low,good,1
46,low,medium_low,3,islam,no,medium_low,low,not_good,1
39,low,medium_low,2,islam,no,medium_high,low,not_good,1
30,medium_high,high,5,islam,no,low,high,good,1
40,medium_low,medium_low,8,islam,no,medium_low,medium_low,good,1
43,low,medium_low,1,islam,no,medium_high,high,not_good,1
29,medium_high,high,4,islam,yes,low,medium_high,good,1
23,medium_high,medium_high,2,islam,no,medium_high,medium_high,good,1
24,medium_low,medium_low,3,islam,no,medium_low,high,good,1
47,medium_high,medium_high,2,islam,no,medium_low,high,good,1
35,medium_high,medium_high,2,islam,yes,medium_low,medium_low,good,1
19,medium_high,medium_high,1,islam,no,medium_low,high,good,1
45,medium_low,medium_high,4,islam,yes,medium_low,high,good,1
42,medium_low,high,2,islam,no,medium_high,high,good,1
47,low,low,1,islam,no,medium_high,high,good,1
25,medium_low,medium_low,2,islam,no,medium_high,low,good,1
20,medium_low,medium_high,3,islam,no,medium_high,high,good,1
33,medium_high,medium_high,6,islam,no,medium_high,high,good,2
46,high,medium_high,5,islam,no,low,high,good,2
35,high,high,4,islam,no,low,high,good,2
26,high,high,2,islam,yes,low,high,good,2
36,medium_high,medium_high,5,islam,yes,low,medium_high,good,2
37,medium_high,high,3,islam,no,low,medium_high,good,2
44,medium_low,high,4,islam,no,medium_high,medium_high,good,2
32,high,high,2,islam,no,low,high,good,2
25,medium_low,high,6,islam,no,medium_high,high,good,2
42,medium_low,medium_high,7,islam,no,medium_high,high,good,2
30,high,high,2,non_islam,yes,low,high,good,2
39,high,high,4,islam,no,low,high,good,2
26,low,low,2,islam,no,medium_high,high,good,2
30,medium_low,high,3,islam,no,medium_high,high,good,2
38,high,high,4,non_islam,yes,low,medium_low,good,2
23,high,high,1,islam,no,low,medium_low,good,2
18,medium_high,high,1,islam,no,medium_high,high,good,2
25,medium_high,high,3,islam,no,medium_low,medium_high,good,2
37,high,high,2,islam,yes,medium_high,medium_high,good,2
20,medium_high,high,1,islam,no,medium_high,medium_low,good,2
45,high,high,7,islam,no,low,high,good,2
28,medium_low,low,2,islam,yes,medium_high,medium_high,good,2
33,medium_low,medium_low,3,islam,no,medium_low,medium_high,good,2
28,medium_low,medium_high,2,islam,no,medium_high,medium_high,good,2
30,medium_low,high,1,islam,yes,medium_high,high,good,2
32,high,high,4,islam,no,medium_low,high,good,2
48,high,medium_high,7,islam,yes,medium_low,high,good,2
46,high,high,2,islam,yes,low,high,good,2
32,high,high,2,non_islam,yes,low,high,good,2
49,high,high,10,islam,no,low,high,good,2
33,medium_low,medium_low,6,islam,yes,medium_high,high,good,2
39,high,high,3,islam,no,low,high,good,2
35,high,high,5,non_islam,yes,low,high,good,2
36,high,high,3,non_islam,no,low,medium_high,good,2
20,medium_high,high,1,islam,no,medium_low,high,good,2
23,high,high,1,islam,no,medium_high,high,good,2
26,medium_low,high,2,islam,no,low,medium_high,good,2
25,medium_high,medium_high,1,islam,no,medium_high,low,good,2
31,high,high,1,islam,no,low,high,good,2
36,high,high,2,islam,no,medium_low,high,good,2
32,medium_high,medium_high,2,islam,yes,medium_high,high,good,2
36,high,high,3,islam,no,low,high,good,2
40,high,high,3,islam,no,low,high,good,2
46,high,high,4,islam,no,low,high,good,2
42,high,high,8,non_islam,no,low,high,good,2
39,high,high,4,islam,yes,low,high,good,2
34,high,high,2,islam,no,low,high,good,2
36,high,high,3,islam,no,low,high,good,2
37,high,high,3,islam,no,low,high,good,2
36,high,high,4,non_islam,no,low,high,good,2
38,high,high,2,islam,no,low,high,good,2
27,medium_high,medium_high,1,non_islam,yes,medium_low,high,good,2
37,high,medium_high,8,islam,no,low,high,good,2
24,low,high,1,islam,yes,high,medium_low,not_good,2
42,medium_low,high,8,islam,no,low,high,good,2
31,high,high,3,non_islam,yes,high,high,good,2
34,medium_low,medium_high,2,islam,no,medium_high,medium_high,good,2
34,high,high,4,islam,no,medium_high,medium_high,good,2
36,high,high,4,non_islam,yes,low,high,good,2
47,high,high,8,islam,no,low,high,good,2
34,high,high,3,islam,no,low,high,good,2
44,high,high,6,non_islam,no,low,medium_high,good,2
21,high,high,1,islam,no,low,high,good,2
42,high,high,6,islam,no,low,medium_high,good,2
44,high,high,4,islam,yes,medium_low,medium_high,good,2
19,high,high,1,islam,no,medium_low,medium_high,good,2
35,low,medium_high,7,islam,yes,medium_low,medium_high,not_good,2
24,high,high,1,islam,no,medium_high,medium_low,good,2
32,medium_high,high,7,non_islam,no,low,medium_high,good,2
31,medium_high,medium_high,2,islam,yes,medium_high,medium_high,good,2
47,medium_high,high,11,islam,yes,medium_low,medium_high,good,2
38,high,high,6,islam,yes,medium_high,medium_high,good,2
40,high,high,4,islam,no,low,medium_high,good,2
35,medium_high,medium_high,4,islam,no,medium_high,medium_low,good,2
26,medium_high,high,3,islam,no,medium_high,high,good,2
23,high,medium_high,3,islam,no,medium_high,medium_high,good,2
40,high,high,6,non_islam,yes,low,high,good,2
37,high,high,3,islam,no,low,high,good,2
39,high,high,5,islam,no,medium_low,high,good,2
25,high,high,2,islam,no,medium_low,high,good,2
48,high,high,4,non_islam,no,low,high,good,2
31,high,high,3,islam,no,low,high,good,2
26,high,high,1,non_islam,no,medium_low,high,good,2
44,high,high,5,islam,yes,low,high,good,2
29,high,high,1,islam,yes,medium_low,high,good,2
36,medium_low,low,6,islam,no,medium_low,low,good,2
29,high,high,2,islam,yes,low,medium_high,good,2
37,medium_low,medium_high,7,islam,no,medium_high,high,good,2
28,medium_high,medium_high,3,islam,no,low,medium_low,good,2
40,medium_low,medium_high,6,islam,no,low,medium_low,good,2
33,high,high,4,islam,no,low,high,good,2
22,high,high,1,islam,no,low,medium_low,good,2
35,medium_high,high,5,islam,yes,low,medium_high,not_good,2
32,high,high,3,non_islam,no,medium_high,medium_high,good,2
35,high,high,5,islam,yes,low,medium_high,good,2
29,high,high,2,islam,no,low,high,good,2
23,medium_high,medium_high,2,islam,yes,medium_high,high,good,2
35,high,high,2,islam,yes,low,high,good,2
36,high,high,3,islam,yes,medium_low,high,good,2
32,high,high,2,islam,yes,low,high,good,2
30,high,low,4,islam,no,medium_high,medium_high,good,2
36,high,high,4,non_islam,no,medium_low,high,good,2
33,high,high,3,islam,no,medium_high,high,good,2
33,medium_high,high,5,non_islam,no,medium_high,medium_high,good,2
43,medium_low,high,13,islam,no,medium_low,medium_high,good,2
35,medium_high,medium_high,6,islam,no,medium_low,medium_high,good,2
38,high,high,5,islam,no,low,medium_high,good,2
25,medium_high,low,4,islam,no,medium_high,low,good,2
26,medium_high,medium_high,2,islam,no,medium_high,medium_low,good,2
24,high,high,1,islam,no,medium_high,high,good,2
22,medium_high,high,1,islam,no,high,high,good,2
33,medium_low,medium_high,5,islam,yes,medium_low,low,good,2
45,medium_high,medium_high,7,islam,no,medium_high,high,good,2
29,high,high,2,islam,yes,low,medium_high,good,2
47,medium_low,medium_low,7,islam,no,medium_low,high,good,2
36,medium_high,medium_low,6,islam,no,medium_high,medium_low,good,2
45,medium_high,medium_high,8,islam,no,medium_low,medium_high,good,2
47,high,high,6,islam,yes,low,high,good,2
43,medium_high,high,2,islam,yes,medium_low,high,good,2
44,high,high,7,islam,no,medium_high,medium_low,good,2
24,medium_low,high,2,islam,no,medium_high,medium_high,good,2
28,high,high,2,islam,yes,low,medium_high,good,2
34,high,high,5,islam,no,medium_high,high,good,2
31,medium_high,high,4,islam,no,low,medium_high,good,2
27,high,high,3,islam,no,low,high,good,2
27,medium_high,medium_high,1,islam,yes,medium_high,high,good,2
26,high,high,1,islam,yes,low,medium_high,good,2
36,medium_high,high,7,islam,no,medium_low,medium_low,good,2
35,high,high,4,non_islam,no,medium_high,medium_high,good,2
38,high,high,6,islam,no,medium_high,medium_high,good,2
44,high,high,7,islam,no,medium_low,high,good,2
25,high,high,1,islam,no,low,high,good,2
25,high,high,2,non_islam,no,low,medium_high,good,2
41,high,high,4,islam,no,low,high,good,2
41,medium_high,high,5,islam,no,low,medium_high,good,2
24,high,high,1,islam,yes,low,high,good,2
33,high,high,3,islam,no,medium_high,medium_high,good,2
29,high,high,3,islam,yes,medium_high,medium_high,good,2
47,high,high,4,islam,yes,low,high,good,2
28,high,high,4,islam,no,low,medium_high,good,2
21,medium_low,medium_low,1,islam,no,medium_high,medium_low,good,2
32,medium_high,medium_high,6,islam,yes,medium_high,medium_high,good,2
30,medium_high,high,2,islam,no,low,high,good,2
37,high,high,5,islam,no,medium_high,high,good,2
29,high,medium_high,4,islam,yes,medium_high,medium_low,good,2
38,high,high,3,islam,yes,low,high,good,2
49,medium_high,medium_high,11,islam,no,low,high,good,2
41,medium_high,medium_high,5,islam,no,low,high,good,2
43,medium_high,high,5,islam,no,medium_high,medium_low,not_good,2
47,low,low,10,islam,no,medium_high,medium_high,good,2
22,high,high,1,islam,no,low,medium_high,good,2
27,high,high,1,non_islam,yes,low,high,good,2
34,medium_high,high,2,non_islam,no,medium_low,medium_high,good,2
42,medium_high,medium_high,4,islam,no,medium_low,high,good,2
39,high,high,3,non_islam,yes,low,high,good,2
36,high,high,3,non_islam,no,medium_low,high,good,2
21,high,high,1,islam,no,medium_low,low,good,2
36,medium_high,high,4,non_islam,yes,medium_low,high,good,2
25,medium_low,medium_high,1,islam,yes,high,high,good,2
41,high,high,4,non_islam,yes,medium_low,high,good,2
32,high,high,4,non_islam,yes,medium_low,high,good,2
41,high,high,4,non_islam,yes,medium_low,high,good,2
43,high,high,3,non_islam,no,low,high,good,2
35,high,high,3,islam,no,medium_low,medium_high,good,2
24,high,high,2,islam,yes,low,medium_high,good,2
43,high,high,6,islam,no,low,high,good,2
48,high,high,7,non_islam,no,low,high,good,2
28,high,high,2,islam,no,low,medium_high,good,2
24,high,high,1,islam,no,low,high,good,2
42,high,high,3,islam,yes,low,high,good,2
39,high,high,3,islam,no,low,high,good,2
24,high,high,1,islam,no,low,high,good,2
33,high,medium_high,5,islam,no,medium_low,high,good,2
29,high,high,2,islam,no,medium_high,high,good,2
44,high,high,5,islam,no,low,high,good,2
17,high,high,1,islam,no,medium_low,high,good,2
35,medium_high,high,3,islam,no,medium_low,medium_low,good,2
32,medium_high,high,5,islam,no,low,medium_low,good,2
27,high,high,2,islam,yes,low,medium_high,good,2
44,high,high,4,islam,no,low,high,good,2
42,high,high,5,islam,no,low,high,good,2
40,high,high,6,islam,no,low,medium_high,good,2
44,high,high,3,islam,no,low,high,good,2
33,high,high,5,islam,no,medium_low,high,good,2
35,medium_low,high,3,non_islam,yes,medium_high,high,not_good,2
31,high,medium_low,2,non_islam,no,low,medium_high,good,2
37,high,high,3,non_islam,no,medium_high,high,good,2
45,high,high,3,non_islam,no,medium_low,high,good,2
26,high,high,2,non_islam,no,low,high,good,2
40,medium_high,high,2,non_islam,no,medium_high,high,good,2
30,high,high,1,non_islam,no,medium_low,high,good,2
36,medium_high,high,3,non_islam,yes,medium_high,high,good,2
33,medium_high,high,3,non_islam,no,medium_low,high,good,2
41,high,high,5,non_islam,no,medium_low,high,good,2
45,medium_high,medium_high,6,non_islam,no,medium_low,high,good,2
48,high,high,6,non_islam,no,medium_low,high,good,2
35,high,high,3,non_islam,yes,medium_high,high,good,2
37,high,high,4,non_islam,yes,medium_low,high,good,2
46,high,high,3,non_islam,yes,low,high,good,2
38,high,high,4,non_islam,no,medium_high,high,good,2
30,medium_high,high,7,islam,no,medium_low,high,good,2
42,high,medium_high,7,islam,yes,low,high,good,2
35,medium_low,medium_low,6,islam,no,medium_high,high,good,2
34,high,high,6,islam,no,medium_high,high,good,2
37,high,high,4,islam,no,low,high,good,2
38,high,high,6,islam,no,low,high,good,2
30,medium_high,medium_high,2,islam,no,medium_low,medium_high,good,2
46,high,high,4,islam,no,low,high,good,2
31,high,high,3,non_islam,no,medium_low,high,good,2
41,high,high,6,non_islam,no,low,high,good,2
41,high,high,7,islam,no,medium_low,high,good,2
32,high,high,2,non_islam,yes,medium_low,high,good,2
44,high,high,4,islam,no,low,high,good,2
39,high,high,4,non_islam,no,low,high,good,2
39,high,high,5,islam,no,low,high,good,2
45,high,high,4,islam,no,low,high,good,2
33,high,high,3,islam,no,low,high,good,2
39,high,high,3,non_islam,no,low,high,good,2
44,high,high,3,islam,yes,low,high,good,2
34,medium_high,medium_high,6,islam,no,medium_high,high,good,2
33,medium_high,medium_high,5,islam,no,medium_high,high,good,2
34,medium_low,medium_low,8,islam,no,medium_low,medium_low,good,2
27,medium_high,medium_low,5,islam,no,medium_low,high,good,2
47,low,low,8,islam,no,medium_high,high,not_good,2
25,medium_low,high,3,islam,no,low,high,not_good,2
24,medium_high,high,5,islam,no,low,medium_low,not_good,2
41,high,high,4,islam,yes,low,high,good,2
29,medium_high,medium_high,4,islam,no,medium_high,high,good,3
27,medium_low,medium_low,5,islam,no,medium_high,low,good,3
40,medium_high,high,5,islam,no,low,medium_low,good,3
30,medium_low,medium_low,6,islam,no,medium_high,low,good,3
24,high,high,1,islam,yes,low,high,good,3
36,high,high,2,islam,yes,low,high,good,3
17,medium_low,medium_low,1,islam,no,medium_high,medium_low,good,3
28,low,medium_low,4,islam,no,medium_low,medium_high,good,3
27,medium_low,high,1,islam,no,low,high,good,3
21,medium_high,medium_high,1,islam,no,medium_high,medium_high,good,3
30,medium_low,medium_low,4,islam,no,medium_low,high,good,3
48,high,high,16,islam,no,low,high,good,3
29,medium_low,high,3,islam,yes,medium_high,medium_high,good,3
29,high,high,2,islam,no,medium_high,high,good,3
20,medium_high,high,2,islam,no,low,medium_high,good,3
28,high,high,1,islam,no,medium_high,medium_low,good,3
32,medium_low,medium_high,5,islam,yes,medium_low,medium_high,good,3
27,medium_high,medium_high,1,islam,yes,medium_high,medium_high,good,3
25,medium_low,medium_high,1,islam,no,medium_high,low,good,3
43,high,high,3,islam,no,low,high,good,3
35,high,high,2,islam,no,medium_low,high,good,3
30,high,high,1,islam,no,low,high,good,3
29,low,high,3,islam,no,high,high,not_good,3
33,medium_high,high,8,islam,no,medium_high,high,good,3
37,medium_high,high,5,islam,yes,medium_low,high,good,3
27,medium_low,high,3,islam,no,high,high,good,3
33,medium_low,high,3,islam,no,medium_low,high,good,3
35,medium_low,medium_high,6,islam,yes,medium_high,medium_high,good,3
20,medium_high,medium_high,2,islam,no,medium_low,high,good,3
26,medium_low,high,3,islam,no,medium_high,high,good,3
24,medium_high,medium_high,2,islam,no,medium_high,medium_high,good,3
45,low,medium_high,3,islam,no,medium_high,medium_low,good,3
34,medium_high,high,4,islam,no,low,medium_high,good,3
49,high,medium_high,13,islam,no,low,high,good,3
33,high,high,5,islam,no,low,high,good,3
33,medium_high,medium_high,8,islam,no,medium_high,high,good,3
24,medium_high,high,3,islam,no,low,high,good,3
30,medium_low,medium_low,4,islam,no,medium_low,low,good,3
27,medium_low,high,4,islam,no,medium_low,low,good,3
23,high,medium_high,1,islam,no,medium_low,medium_low,good,3
35,high,high,4,islam,no,low,high,good,3
35,high,high,1,non_islam,no,low,high,good,3
40,high,high,2,non_islam,yes,low,high,good,3
29,medium_high,medium_high,1,islam,no,medium_high,medium_high,good,3
33,medium_high,medium_high,3,islam,no,medium_high,medium_high,good,3
36,high,high,6,non_islam,no,low,medium_low,not_good,3
36,high,high,4,non_islam,no,low,high,good,3
41,high,high,1,islam,no,medium_high,medium_high,good,3
38,medium_high,high,3,islam,no,medium_high,medium_low,good,3
29,medium_low,high,3,islam,no,medium_high,medium_high,good,3
19,high,high,1,islam,no,low,medium_high,good,3
34,medium_low,medium_high,2,islam,no,medium_low,medium_high,good,3
26,medium_low,high,3,islam,no,medium_high,high,good,3
22,high,high,1,islam,no,medium_low,medium_high,good,3
42,high,high,7,islam,no,medium_low,high,good,3
27,medium_high,high,2,islam,no,medium_high,medium_low,good,3
27,high,high,2,islam,no,low,high,good,3
39,high,medium_high,1,islam,yes,medium_low,medium_low,good,3
21,high,high,1,islam,no,medium_high,low,good,3
36,medium_low,medium_high,7,islam,no,medium_high,medium_high,good,3
29,low,medium_low,5,islam,yes,low,medium_low,good,3
29,medium_low,medium_high,4,islam,no,medium_low,low,good,3
22,medium_high,medium_low,2,islam,no,medium_low,low,good,3
20,medium_low,medium_high,1,islam,no,medium_low,low,good,3
33,medium_high,high,4,islam,yes,medium_low,high,good,3
27,medium_high,medium_high,3,islam,no,medium_low,medium_high,good,3
25,high,high,3,islam,no,low,high,good,3
25,high,medium_high,2,islam,no,medium_high,medium_high,good,3
32,medium_low,medium_high,4,islam,no,medium_high,medium_low,good,3
39,medium_high,high,2,islam,no,low,medium_high,good,3
31,medium_high,medium_high,3,islam,no,medium_low,low,not_good,3
26,high,high,4,islam,no,medium_high,high,good,3
30,medium_high,medium_high,7,islam,no,medium_high,high,good,3
43,medium_high,medium_high,5,islam,yes,medium_high,medium_high,good,3
34,medium_low,high,4,islam,no,medium_high,medium_high,good,3
43,high,high,3,islam,no,low,high,good,3
32,high,high,3,non_islam,no,low,high,good,3
41,high,high,5,islam,no,low,high,good,3
32,high,high,3,non_islam,no,low,high,good,3
46,high,high,4,islam,no,low,high,good,3
40,medium_high,high,3,islam,yes,low,high,good,3
21,high,high,1,islam,no,medium_low,medium_high,good,3
32,high,high,3,islam,no,low,high,good,3
25,high,high,1,non_islam,no,medium_high,medium_high,good,3
24,high,high,1,islam,no,low,medium_high,good,3
21,medium_low,medium_high,1,islam,yes,medium_high,medium_low,good,3
22,high,high,1,islam,no,medium_high,medium_high,good,3
32,high,high,4,islam,no,low,medium_high,good,3
30,high,high,2,islam,yes,medium_low,medium_low,good,3
25,low,medium_low,2,islam,no,medium_low,low,good,3
31,medium_high,medium_high,6,non_islam,no,medium_high,low,good,3
19,medium_low,high,1,islam,no,medium_low,medium_high,good,3
33,medium_low,medium_low,7,islam,yes,medium_low,medium_high,good,3
24,medium_low,medium_low,2,islam,no,medium_high,high,good,3
19,medium_high,medium_high,3,islam,no,medium_low,medium_high,good,3
27,medium_low,medium_low,5,islam,no,medium_high,medium_high,good,3
32,high,high,2,non_islam,yes,low,high,good,3
32,high,high,2,islam,yes,low,medium_high,good,3
29,low,medium_high,5,islam,no,medium_high,medium_high,good,3
23,medium_high,high,1,islam,no,medium_low,medium_high,good,3
34,medium_low,high,7,islam,no,medium_low,medium_high,good,3
27,medium_low,high,1,islam,no,medium_high,medium_high,good,3
37,high,high,4,islam,no,medium_high,medium_low,good,3
26,medium_high,high,4,islam,no,medium_low,medium_high,good,3
31,medium_low,medium_high,7,islam,no,medium_high,medium_high,good,3
44,high,high,11,islam,no,low,high,good,3
35,medium_high,high,4,islam,no,low,high,good,3
23,high,high,2,islam,no,medium_high,high,good,3
24,medium_low,high,2,islam,no,low,high,good,3
24,high,high,2,islam,no,low,high,good,3
39,high,high,3,islam,no,medium_low,high,good,3
33,medium_high,high,4,islam,no,medium_high,medium_high,good,3
24,medium_low,medium_high,2,islam,no,medium_low,low,good,3
35,high,high,4,islam,no,low,high,good,3
35,high,high,6,islam,no,low,high,good,3
34,high,high,2,islam,no,medium_high,medium_high,good,3
48,medium_high,high,3,islam,no,medium_low,medium_high,good,3
28,high,high,1,islam,no,low,medium_high,good,3
26,high,high,1,islam,no,medium_high,medium_high,good,3
43,medium_high,medium_high,8,islam,no,low,medium_high,good,3
28,medium_low,medium_low,5,islam,yes,medium_low,high,good,3
22,medium_high,high,3,islam,no,medium_low,medium_high,good,3
26,medium_high,medium_high,3,islam,no,medium_high,medium_high,good,3
30,medium_high,high,4,islam,no,medium_high,medium_high,good,3
38,high,high,5,islam,no,medium_low,medium_high,good,3
44,high,high,8,islam,no,medium_low,high,good,3
25,high,high,1,non_islam,no,low,high,good,3
34,high,high,3,islam,no,low,high,good,3
26,high,high,3,islam,no,medium_high,high,good,3
20,high,high,2,islam,no,low,medium_high,good,3
39,high,high,2,non_islam,no,low,medium_high,good,3
27,medium_high,high,4,islam,no,medium_high,medium_high,good,3
32,high,high,2,islam,yes,medium_high,high,good,3
48,medium_high,high,8,islam,yes,low,high,good,3
39,high,medium_high,4,islam,no,medium_high,high,good,3
37,high,high,3,islam,yes,low,high,good,3
33,high,high,2,non_islam,yes,low,medium_high,good,3
32,high,high,3,islam,yes,low,high,good,3
25,high,high,2,islam,no,low,medium_high,good,3
37,high,high,3,islam,no,medium_low,high,good,3
40,high,high,4,islam,no,low,high,good,3
38,high,high,6,islam,no,medium_low,high,good,3
36,high,high,4,islam,no,low,high,good,3
27,medium_high,medium_high,3,islam,no,medium_low,medium_low,good,3
22,low,medium_high,2,islam,no,medium_high,low,good,3
22,medium_low,medium_low,2,islam,no,medium_low,medium_high,good,3
30,medium_high,high,3,islam,no,medium_low,medium_high,good,3
20,medium_low,medium_low,2,islam,no,medium_high,medium_low,not_good,3
34,high,high,2,islam,no,low,high,good,3
31,medium_high,high,5,islam,no,medium_high,low,good,3
30,medium_high,medium_high,3,islam,yes,medium_high,medium_low,good,3
44,medium_high,high,5,islam,yes,low,high,good,3
24,medium_high,medium_high,3,islam,yes,medium_low,low,good,3
19,high,high,2,islam,no,low,high,good,3
28,high,high,5,islam,no,medium_low,high,good,3
27,high,high,1,non_islam,yes,low,medium_high,good,3
29,medium_high,medium_high,3,islam,no,medium_low,low,good,3
37,high,high,3,islam,no,medium_low,high,good,3
32,medium_low,medium_low,8,islam,no,medium_low,low,good,3
21,medium_low,medium_low,1,islam,no,high,medium_high,good,3
33,medium_low,medium_high,7,islam,yes,medium_high,low,good,3
23,medium_low,medium_high,2,islam,no,medium_high,low,good,3
36,medium_low,medium_low,5,islam,no,medium_high,high,good,3
33,medium_low,high,3,islam,no,medium_high,high,good,3
35,high,high,2,islam,yes,low,high,good,3
25,medium_low,medium_high,4,islam,no,medium_high,medium_high,good,3
29,medium_low,high,4,islam,yes,medium_low,high,good,3
23,medium_high,medium_high,1,islam,no,medium_low,medium_low,good,3
19,medium_high,medium_high,1,islam,no,medium_low,low,good,3
35,low,medium_low,6,islam,no,medium_low,medium_low,not_good,3
25,medium_high,medium_high,3,islam,no,medium_high,medium_low,good,3
40,medium_high,high,6,islam,no,low,medium_high,good,3
17,medium_high,high,1,islam,no,medium_low,low,good,3
25,medium_low,high,3,islam,no,medium_high,medium_high,good,3
24,medium_high,medium_high,1,islam,no,medium_high,medium_low,good,3
23,high,high,1,islam,no,medium_high,medium_high,good,3
25,medium_low,high,3,islam,no,medium_high,medium_low,good,3
30,low,medium_high,4,islam,no,medium_high,high,good,3
31,low,low,3,islam,no,high,medium_low,not_good,3
26,medium_high,high,2,islam,no,medium_high,medium_high,good,3
28,medium_high,high,2,islam,no,medium_low,medium_high,good,3
30,medium_high,medium_high,3,islam,no,medium_high,low,good,3
29,medium_high,high,5,islam,no,low,medium_low,good,3
24,low,medium_high,4,islam,no,medium_high,medium_high,good,3
26,medium_high,high,2,islam,no,low,medium_high,good,3
25,medium_high,medium_high,3,islam,no,medium_high,medium_high,good,3
35,high,high,3,islam,no,low,high,good,3
22,high,high,1,islam,yes,medium_low,high,good,3
19,high,high,1,islam,no,medium_low,high,good,3
29,medium_low,medium_high,5,islam,no,medium_low,high,good,3
21,medium_high,high,2,islam,no,medium_high,medium_high,good,3
21,medium_high,medium_high,1,islam,no,medium_high,medium_high,good,3
41,low,high,9,islam,no,medium_low,low,good,3
37,medium_low,high,3,islam,no,medium_low,medium_high,good,3
27,high,high,3,islam,no,medium_high,high,not_good,3
26,medium_low,medium_high,2,islam,no,medium_low,medium_high,good,3
37,high,high,6,islam,yes,medium_high,high,good,3
25,medium_high,medium_high,3,islam,no,medium_low,low,good,3
32,high,medium_high,3,islam,no,medium_low,high,good,3
34,low,high,4,islam,no,medium_high,high,not_good,3
23,high,high,2,islam,yes,medium_low,high,good,3
28,medium_high,high,2,islam,no,medium_high,high,good,3
24,medium_high,high,1,islam,no,medium_high,high,good,3
32,medium_low,medium_high,4,islam,yes,medium_low,medium_low,good,3
22,low,medium_low,3,islam,no,medium_high,low,not_good,3
25,medium_high,medium_high,1,islam,no,medium_low,low,good,3
25,medium_low,medium_high,2,islam,no,medium_low,high,good,3
38,medium_low,medium_high,3,islam,no,medium_low,high,good,3
33,medium_low,medium_low,2,islam,no,medium_high,high,good,3
41,high,high,8,islam,no,low,high,good,3
29,medium_high,medium_high,4,islam,no,medium_high,high,good,3
22,medium_high,high,1,islam,yes,low,high,good,3
29,medium_high,medium_high,6,islam,no,medium_high,medium_high,good,3
26,medium_high,high,3,islam,no,medium_high,medium_high,good,3
28,medium_low,medium_high,3,islam,no,medium_high,high,good,3
27,high,high,1,non_islam,no,medium_high,high,good,3
29,medium_low,high,2,islam,no,medium_high,medium_low,good,3
24,medium_high,high,2,islam,no,medium_high,medium_high,good,3
29,medium_high,high,3,islam,no,medium_high,medium_low,good,3
38,medium_high,high,7,islam,no,medium_high,medium_low,good,3
23,medium_high,medium_low,2,islam,yes,medium_high,medium_low,good,3
20,high,medium_high,1,islam,no,medium_high,high,good,3
32,low,high,4,islam,no,medium_high,medium_low,good,3
25,medium_low,medium_high,2,islam,no,medium_high,low,good,3
26,low,medium_low,3,islam,yes,medium_high,medium_low,good,3
23,low,medium_low,3,islam,no,medium_high,medium_low,not_good,3
23,high,high,3,islam,no,medium_high,medium_high,good,3
28,medium_high,high,5,islam,no,medium_low,high,good,3
22,high,high,3,islam,no,medium_high,medium_low,good,3
28,medium_low,high,4,islam,no,medium_high,high,good,3
26,medium_high,medium_high,3,islam,no,medium_high,medium_high,good,3
26,medium_low,medium_high,2,islam,no,medium_high,medium_high,good,3
24,high,medium_high,3,islam,no,medium_high,medium_high,good,3
29,high,high,3,islam,yes,low,high,good,3
29,medium_high,high,4,islam,yes,low,medium_high,good,3
42,high,high,5,islam,no,low,high,good,3
27,high,high,2,islam,no,medium_high,high,good,3
35,medium_high,high,5,islam,no,low,high,good,3
21,medium_high,high,1,islam,no,medium_high,medium_low,good,3
21,low,medium_high,1,islam,no,medium_high,medium_high,not_good,3
22,medium_high,high,1,islam,no,medium_high,medium_high,good,3
28,medium_high,medium_high,4,islam,no,medium_high,medium_high,good,3
22,medium_high,high,1,non_islam,yes,low,high,good,3
23,medium_high,medium_low,1,islam,no,medium_high,medium_high,good,3
28,medium_high,medium_high,2,non_islam,no,medium_low,medium_high,good,3
30,high,high,3,non_islam,yes,medium_low,high,good,3
25,medium_high,high,3,islam,yes,medium_high,high,good,3
33,high,high,4,islam,no,medium_low,medium_high,good,3
33,medium_high,high,6,islam,no,medium_high,medium_low,good,3
30,high,high,2,non_islam,yes,medium_high,medium_high,good,3
22,medium_low,high,1,islam,no,medium_high,medium_high,good,3
38,medium_high,medium_high,2,non_islam,no,medium_high,high,good,3
35,high,medium_high,2,non_islam,no,medium_high,high,good,3
34,medium_low,medium_low,4,non_islam,no,medium_high,medium_low,good,3
39,high,high,2,non_islam,no,medium_high,high,good,3
47,high,medium_high,4,islam,no,low,medium_high,good,3
38,high,high,2,islam,yes,low,high,good,3
43,high,high,5,islam,no,low,high,good,3
21,medium_high,medium_high,1,islam,no,medium_low,medium_low,good,3
30,medium_high,high,2,islam,no,low,medium_low,good,3
27,medium_high,high,2,islam,no,low,medium_high,good,3
22,high,high,1,non_islam,no,medium_high,low,good,3
25,low,medium_low,3,islam,no,medium_low,medium_high,good,3
22,low,medium_high,2,islam,no,medium_high,medium_low,good,3
28,high,high,4,islam,no,medium_low,medium_high,good,3
25,medium_high,medium_high,2,islam,no,medium_low,medium_high,good,3
26,high,high,2,islam,yes,medium_high,medium_high,good,3
31,medium_high,medium_high,3,islam,no,medium_high,low,not_good,3
32,low,medium_high,4,islam,no,medium_high,medium_high,good,3
35,medium_low,high,6,islam,no,medium_high,high,good,3
24,medium_low,medium_high,5,islam,no,medium_high,medium_high,good,3
28,high,high,2,islam,no,low,high,good,3
36,high,high,3,non_islam,yes,medium_low,high,good,3
47,high,high,5,islam,no,low,medium_high,good,3
26,high,high,2,islam,yes,low,high,good,3
22,medium_high,high,2,non_islam,no,medium_high,high,good,3
30,high,high,2,islam,no,high,medium_high,good,3
41,high,high,5,islam,no,low,high,good,3
19,high,high,1,islam,no,medium_high,medium_low,good,3
45,medium_high,high,2,non_islam,no,medium_high,medium_high,good,3
35,low,medium_low,5,islam,no,medium_low,medium_low,not_good,3
21,medium_low,medium_low,1,islam,no,medium_high,medium_low,good,3
32,low,medium_low,6,non_islam,no,medium_low,medium_high,good,3
32,medium_high,high,5,non_islam,no,medium_high,high,good,3
46,medium_low,medium_high,6,non_islam,yes,medium_high,high,good,3
41,low,medium_low,6,islam,no,medium_high,medium_high,good,3
36,high,high,3,non_islam,no,medium_high,high,good,3
37,medium_high,high,3,non_islam,no,medium_high,high,good,3
37,medium_high,high,4,non_islam,no,medium_low,high,good,3
35,high,high,3,non_islam,no,medium_high,high,good,3
29,medium_low,medium_high,4,islam,no,medium_high,medium_low,good,3
28,high,high,2,non_islam,no,medium_low,high,good,3
46,high,high,4,non_islam,no,low,high,good,3
34,high,medium_high,3,non_islam,no,medium_low,high,good,3
43,medium_high,medium_high,2,non_islam,yes,medium_high,high,good,3
28,high,high,3,non_islam,yes,medium_high,high,good,3
28,medium_high,medium_high,3,islam,yes,medium_low,high,good,3
34,high,high,6,islam,no,medium_low,medium_low,good,3
27,medium_low,high,4,islam,no,medium_high,high,good,3
36,low,medium_high,6,islam,no,medium_high,medium_low,good,3
17,medium_low,medium_low,0,islam,yes,medium_high,medium_low,good,3
21,medium_high,medium_high,1,islam,no,medium_high,medium_low,good,3
25,medium_low,medium_low,1,islam,no,medium_high,low,good,3
23,medium_low,medium_high,2,islam,yes,medium_high,medium_low,good,3
25,medium_low,medium_low,1,islam,no,medium_high,medium_high,good,3
35,low,medium_low,4,islam,yes,high,high,good,3
32,medium_high,high,4,islam,no,medium_high,medium_low,good,3
37,medium_low,medium_high,5,islam,no,high,medium_low,good,3
31,medium_high,high,4,islam,yes,medium_high,medium_high,good,3
25,medium_high,high,3,islam,no,medium_high,high,good,3
26,medium_high,high,4,islam,no,medium_low,high,good,3
39,low,medium_low,2,islam,yes,medium_low,high,good,3
21,medium_high,medium_high,2,islam,no,medium_low,medium_high,good,3
35,medium_high,medium_low,9,islam,yes,medium_high,high,good,3
20,medium_low,medium_low,1,islam,no,medium_high,medium_low,good,3
40,medium_low,medium_high,5,islam,no,medium_high,medium_high,good,3
41,medium_high,medium_high,7,non_islam,no,medium_low,high,good,3
36,medium_low,high,8,islam,no,low,high,good,3
40,medium_low,high,3,non_islam,no,medium_high,high,good,3
32,high,high,3,islam,yes,low,high,good,3
24,medium_high,high,4,islam,no,medium_low,medium_high,good,3
20,medium_high,high,1,non_islam,no,medium_low,high,good,3
32,high,high,4,islam,yes,low,high,good,3
22,medium_low,medium_low,3,islam,yes,medium_high,medium_high,good,3
30,medium_high,medium_high,4,islam,yes,medium_low,medium_low,good,3
31,high,high,3,islam,yes,low,high,good,3
35,medium_high,high,5,islam,no,low,high,good,3
38,high,high,2,islam,no,medium_high,high,good,3
31,high,high,1,islam,no,low,high,good,3
25,high,high,2,islam,no,medium_low,high,good,3
30,high,high,2,islam,no,low,high,good,3
22,low,medium_low,2,islam,no,medium_high,high,good,3
31,high,high,3,islam,no,low,high,good,3
29,high,high,3,islam,no,medium_high,high,good,3
29,medium_low,medium_high,3,islam,yes,medium_high,medium_low,good,3
38,high,high,3,non_islam,yes,medium_high,medium_high,not_good,3
22,medium_high,high,2,islam,no,medium_low,high,good,3
45,high,high,3,islam,no,low,high,good,3
26,medium_high,high,3,islam,no,medium_high,medium_low,good,3
37,high,high,3,non_islam,no,medium_high,high,good,3
36,high,high,3,non_islam,no,medium_low,high,good,3
33,high,high,2,islam,no,medium_low,high,good,3
32,high,high,3,islam,yes,low,high,good,3
35,high,high,4,non_islam,yes,low,high,good,3
25,high,high,1,islam,no,low,high,good,3
31,high,high,3,islam,no,high,high,good,3
25,medium_low,medium_high,5,islam,no,medium_low,medium_high,good,3
26,medium_high,medium_low,5,islam,no,medium_low,medium_low,good,3
23,medium_low,medium_high,3,islam,no,medium_low,medium_high,good,3
28,medium_high,high,3,islam,no,low,high,good,3
34,medium_high,high,3,non_islam,yes,medium_high,high,good,3
46,medium_high,high,9,islam,no,medium_high,high,good,3
25,high,high,1,islam,no,low,high,good,3
21,medium_low,low,3,islam,yes,medium_high,low,not_good,3
25,medium_low,medium_high,4,islam,yes,medium_high,medium_low,good,3
28,medium_low,medium_high,6,islam,no,medium_low,high,good,3
36,medium_low,high,11,islam,no,low,high,not_good,3
46,low,medium_low,9,islam,yes,medium_high,high,not_good,3
35,medium_low,medium_low,6,islam,yes,medium_high,low,not_good,1
41,medium_high,medium_low,11,islam,no,medium_low,medium_high,good,1
27,medium_low,high,1,islam,yes,low,low,good,1
25,high,high,0,islam,yes,medium_high,high,good,1
23,medium_low,medium_low,2,islam,no,medium_high,medium_high,good,1
48,low,low,1,islam,yes,medium_high,medium_high,not_good,1
23,high,high,0,islam,yes,low,high,good,1
31,medium_high,high,2,islam,no,medium_high,medium_high,good,1
49,high,high,1,islam,no,medium_high,high,good,1
42,medium_low,medium_high,2,islam,no,low,high,good,1
26,medium_low,high,3,islam,no,medium_high,high,good,1
21,medium_low,medium_low,1,islam,no,medium_high,medium_low,good,1
29,medium_high,high,4,islam,no,low,high,good,1
38,low,medium_low,12,islam,no,medium_low,medium_high,good,1
25,high,high,2,islam,no,medium_high,medium_low,good,1
22,high,high,0,islam,no,medium_high,medium_low,good,1
20,medium_high,high,0,islam,no,medium_high,medium_high,good,1
35,high,high,1,islam,no,low,medium_high,good,1
32,medium_low,medium_high,1,islam,no,medium_high,medium_high,good,1
38,medium_low,high,3,islam,no,low,medium_high,good,1
27,low,medium_low,4,islam,no,low,high,not_good,1
41,medium_low,high,1,islam,no,medium_low,medium_high,good,1
28,medium_high,high,0,islam,yes,low,medium_high,good,1
23,high,high,1,islam,yes,medium_high,medium_high,good,1
27,high,high,1,non_islam,yes,medium_low,high,good,1
33,high,high,2,non_islam,no,low,high,good,1
39,medium_low,medium_low,5,islam,yes,medium_high,medium_low,not_good,1
41,medium_low,medium_low,5,non_islam,no,medium_low,medium_low,good,1
40,medium_low,medium_low,8,islam,no,low,medium_high,good,1
43,medium_high,high,10,islam,no,medium_high,medium_high,good,1
35,medium_high,high,6,islam,yes,medium_low,medium_low,good,1
32,medium_high,high,0,islam,no,medium_high,high,good,1
49,medium_low,medium_high,4,islam,no,medium_low,medium_high,good,1
47,medium_low,medium_low,4,islam,no,medium_high,low,good,1
42,high,high,1,islam,no,medium_low,high,good,1
48,high,high,4,non_islam,no,low,high,good,1
42,high,high,3,islam,no,low,high,good,1
37,high,high,2,islam,no,low,high,good,1
23,medium_high,medium_high,1,islam,yes,medium_low,high,good,1
24,medium_high,high,0,islam,yes,medium_low,medium_high,good,1
43,medium_low,medium_high,3,non_islam,no,medium_low,medium_high,good,1
24,medium_high,medium_high,2,islam,yes,medium_high,medium_low,good,1
29,medium_low,high,0,islam,yes,medium_high,high,good,1
45,low,low,0,non_islam,yes,medium_low,low,good,1
31,high,high,3,islam,yes,medium_low,medium_high,good,1
44,low,high,9,islam,no,low,medium_low,good,1
28,medium_low,medium_high,1,islam,no,medium_high,low,good,1
28,medium_high,high,1,non_islam,no,medium_low,medium_low,good,1
33,low,medium_low,0,islam,yes,medium_high,medium_high,good,1
43,high,high,6,islam,no,low,medium_high,good,1
34,medium_high,high,4,islam,no,low,medium_high,good,1
36,low,high,2,islam,no,medium_low,medium_low,good,1
22,high,high,0,islam,yes,medium_low,high,good,1
35,medium_low,medium_high,8,islam,no,medium_high,medium_high,not_good,1
25,high,high,1,islam,no,low,high,good,1
43,low,medium_low,8,islam,no,medium_low,medium_low,not_good,1
46,low,high,8,islam,no,low,high,not_good,1
27,medium_high,high,2,islam,no,low,medium_high,good,1
30,low,low,7,islam,no,medium_low,medium_high,good,1
25,high,high,1,islam,no,medium_high,high,good,1
42,high,high,1,islam,yes,low,high,good,1
30,low,medium_high,1,islam,no,medium_high,high,good,1
27,medium_high,medium_high,4,islam,no,medium_low,high,good,1
45,medium_low,medium_high,11,islam,no,medium_low,medium_high,good,1
29,medium_high,high,2,islam,no,low,medium_high,good,1
36,low,high,1,islam,no,medium_high,medium_high,good,1
49,low,medium_low,8,islam,no,medium_high,low,not_good,1
47,low,high,7,islam,no,medium_low,medium_high,good,1
30,high,high,4,islam,no,medium_low,high,good,1
24,medium_low,medium_high,2,islam,no,medium_high,low,good,1
48,low,low,6,islam,no,medium_low,medium_high,not_good,1
47,low,medium_low,2,islam,no,medium_low,medium_high,not_good,1
24,medium_high,high,1,islam,yes,medium_high,medium_high,good,1
48,medium_high,high,5,islam,no,medium_low,medium_high,good,1
38,low,medium_low,8,islam,no,medium_high,medium_high,not_good,1
45,medium_high,high,0,islam,no,low,medium_high,good,1
43,high,high,3,non_islam,no,medium_low,high,good,1
33,low,low,5,islam,no,medium_high,low,not_good,1
37,medium_high,high,7,islam,no,medium_high,high,good,1
36,medium_low,low,6,islam,no,medium_low,medium_high,good,1
25,medium_high,high,3,islam,no,low,low,good,1
49,high,high,6,non_islam,yes,low,high,good,1
30,high,high,1,islam,yes,low,high,good,1
35,high,high,5,islam,no,low,high,good,1
28,medium_low,high,0,islam,no,medium_high,low,good,1
30,high,medium_low,0,islam,yes,medium_high,medium_high,good,1
27,high,high,2,islam,yes,low,high,good,1
45,medium_low,high,8,islam,no,medium_low,medium_high,good,1
46,medium_high,low,5,islam,no,medium_high,medium_low,good,1
28,low,high,0,islam,yes,high,low,good,1
21,medium_low,high,0,islam,no,medium_low,medium_low,good,1
20,medium_high,high,2,islam,no,medium_high,medium_high,good,1
28,medium_high,medium_high,5,islam,no,medium_high,medium_high,good,1
25,medium_high,medium_high,1,islam,no,medium_low,medium_low,good,1
38,low,medium_low,6,islam,no,medium_low,low,not_good,1
20,medium_high,high,1,islam,no,medium_high,medium_low,good,1
24,medium_high,high,2,islam,no,medium_low,high,good,1
39,medium_high,low,1,islam,no,medium_low,medium_high,good,1
25,low,medium_high,1,islam,no,high,medium_low,good,1
23,medium_high,high,4,islam,no,medium_high,low,not_good,1
24,high,high,1,islam,yes,low,medium_high,good,1
26,high,high,3,islam,no,low,high,good,1
20,medium_high,high,2,islam,no,medium_high,medium_low,good,1
31,medium_high,medium_high,1,islam,yes,medium_high,high,good,1
22,high,high,0,islam,no,medium_low,low,not_good,1
36,medium_low,medium_high,6,islam,no,medium_low,medium_high,good,1
45,medium_high,high,0,islam,no,low,medium_high,good,1
47,medium_low,medium_low,7,islam,no,medium_low,medium_low,good,1
30,medium_low,medium_high,1,islam,no,medium_low,low,good,1
35,high,high,3,islam,no,low,high,good,1
34,medium_low,medium_low,9,islam,yes,medium_low,medium_high,good,1
28,high,high,1,islam,yes,low,medium_high,good,1
18,medium_high,high,1,islam,no,medium_high,medium_high,good,1
25,medium_low,medium_high,2,islam,no,medium_high,medium_low,good,1
27,medium_high,high,0,islam,yes,medium_high,medium_high,good,1
21,high,high,1,islam,no,medium_high,high,good,1
19,high,high,1,islam,no,low,medium_high,good,1
26,high,high,0,islam,no,medium_high,high,good,1
28,high,high,5,islam,no,low,high,good,1
38,low,medium_high,4,islam,yes,medium_low,medium_low,good,1
39,medium_low,medium_high,10,islam,no,medium_high,high,good,1
45,medium_low,medium_high,6,islam,no,medium_high,medium_low,not_good,1
30,medium_high,high,4,non_islam,no,medium_low,medium_high,good,1
47,medium_low,high,2,islam,no,medium_high,medium_low,not_good,1
38,medium_low,medium_low,6,islam,no,medium_high,high,good,1
42,medium_high,medium_high,5,islam,no,medium_low,medium_low,good,1
31,high,high,2,islam,no,low,medium_low,good,1
44,low,medium_low,2,islam,no,medium_high,low,good,1
42,high,high,3,islam,yes,low,high,good,1
28,high,high,2,islam,no,low,medium_high,good,1
34,medium_low,high,6,islam,yes,medium_high,high,good,1
45,low,medium_high,7,islam,yes,low,medium_high,good,1
43,high,high,5,islam,no,low,medium_high,good,1
28,medium_high,high,0,islam,yes,medium_high,high,good,1
27,medium_high,high,0,islam,no,medium_high,medium_high,good,1
26,medium_low,medium_high,1,islam,yes,high,high,good,1
26,medium_high,high,1,non_islam,no,medium_low,medium_low,good,1
37,medium_high,high,4,islam,yes,medium_low,high,good,1
48,medium_high,high,11,islam,no,low,high,good,1
47,medium_low,medium_high,12,islam,no,medium_high,low,good,1
22,medium_low,high,1,islam,no,medium_high,high,good,1
48,high,high,1,non_islam,no,low,high,good,1
42,low,medium_high,12,islam,no,medium_low,high,good,1
32,high,high,3,islam,no,low,high,good,1
33,high,high,3,non_islam,yes,low,medium_high,good,1
45,high,high,1,islam,yes,low,high,good,1
26,medium_low,medium_high,1,islam,yes,medium_high,high,not_good,1
45,high,high,1,islam,no,low,high,good,1
25,medium_high,medium_high,1,islam,yes,medium_low,high,good,1
36,high,medium_high,3,islam,yes,medium_high,medium_low,good,1
31,medium_high,medium_high,2,islam,yes,medium_high,medium_high,good,1
22,medium_high,high,2,islam,no,medium_high,medium_high,good,1
46,high,high,10,islam,no,low,medium_high,good,1
26,medium_low,medium_high,3,islam,no,medium_high,high,good,1
25,medium_high,medium_low,1,islam,yes,medium_high,medium_high,good,1
20,high,high,0,non_islam,yes,medium_low,high,good,1
31,medium_high,high,3,non_islam,yes,medium_low,high,good,1
36,medium_high,medium_high,3,non_islam,yes,medium_low,medium_high,not_good,1
47,medium_high,medium_low,5,islam,no,high,high,good,1
43,medium_high,high,2,non_islam,no,medium_high,high,good,1
20,medium_high,high,0,islam,no,medium_high,medium_high,good,1
24,high,high,4,islam,no,low,high,good,1
33,medium_low,medium_low,3,non_islam,yes,medium_low,high,good,1
41,medium_high,high,3,non_islam,no,medium_low,high,good,1
48,medium_high,high,4,non_islam,no,medium_low,high,good,1
32,high,high,1,non_islam,no,low,high,good,1
38,medium_high,medium_high,4,non_islam,yes,medium_high,medium_low,not_good,1
48,medium_high,high,8,islam,no,medium_high,medium_high,good,1
34,low,medium_high,4,islam,yes,medium_high,high,good,1
31,low,low,6,islam,no,medium_high,medium_low,good,1
46,low,medium_low,7,islam,no,medium_high,low,not_good,1
45,medium_low,medium_low,7,islam,no,medium_high,low,not_good,1
34,medium_high,high,4,non_islam,no,medium_high,low,not_good,1
16,medium_low,high,1,islam,no,medium_high,high,good,1
18,medium_high,medium_low,1,islam,no,medium_high,low,good,1
22,medium_low,medium_low,1,islam,no,medium_high,low,not_good,1
32,medium_low,medium_low,2,islam,no,medium_low,high,good,1
41,low,medium_high,3,islam,yes,medium_low,high,good,1
22,medium_high,medium_high,2,islam,no,medium_low,high,good,1
23,medium_high,medium_low,0,islam,no,medium_low,medium_low,good,1
22,medium_high,high,0,islam,yes,medium_high,high,good,1
40,medium_low,medium_low,6,islam,no,medium_low,medium_low,not_good,1
29,medium_high,high,1,non_islam,no,medium_low,medium_high,good,1
42,high,high,0,non_islam,yes,medium_high,high,good,1
29,medium_high,high,2,islam,no,medium_high,high,good,1
31,medium_high,medium_low,1,islam,no,medium_high,high,good,1
28,high,high,3,non_islam,yes,low,high,good,1
21,medium_low,medium_high,0,islam,no,medium_high,high,good,1
26,high,high,2,islam,no,low,medium_high,good,1
37,medium_high,high,0,islam,no,medium_high,high,good,1
24,medium_high,high,2,islam,no,medium_low,medium_low,good,1
25,high,high,0,non_islam,no,medium_low,high,good,1
22,medium_low,low,0,islam,no,medium_low,medium_low,good,1
45,high,high,1,islam,no,low,high,good,1
47,high,high,1,islam,no,low,high,good,1
28,high,high,5,islam,yes,medium_high,high,good,1
24,medium_low,medium_low,4,islam,no,medium_high,high,good,1
34,medium_high,medium_high,6,islam,no,medium_low,medium_high,good,1
47,medium_low,medium_high,5,islam,no,low,low,good,1
31,medium_high,high,2,islam,no,low,high,good,1
26,low,medium_high,1,islam,no,medium_high,low,good,1
25,high,high,3,islam,no,low,medium_low,good,1
47,low,low,4,islam,no,medium_low,medium_low,good,1
48,low,low,8,islam,no,low,low,not_good,1
38,medium_low,medium_low,10,islam,no,medium_high,medium_low,good,1
32,low,medium_high,4,islam,no,medium_low,medium_low,not_good,1
47,low,medium_low,2,islam,no,medium_low,high,good,1
27,high,high,3,islam,no,low,high,good,1
40,low,low,0,islam,no,medium_high,medium_low,good,1
46,high,high,6,islam,no,low,high,good,1
33,medium_high,medium_high,3,islam,no,medium_high,high,good,1
49,low,medium_low,5,islam,yes,medium_low,medium_low,not_good,1
21,medium_low,high,3,islam,no,medium_high,medium_low,good,1
31,high,high,0,non_islam,yes,medium_low,high,good,1
42,high,high,4,islam,no,medium_high,high,good,2
35,high,high,3,islam,no,low,high,good,2
31,high,high,4,islam,no,medium_high,medium_high,good,2
42,high,high,6,islam,no,low,medium_high,good,2
49,medium_high,high,4,islam,no,medium_high,high,good,2
21,high,high,1,islam,no,low,medium_high,good,2
28,medium_high,high,3,islam,no,low,high,good,2
22,high,high,1,islam,no,low,medium_high,good,2
36,high,high,3,islam,yes,low,high,good,2
45,medium_low,medium_low,9,islam,no,medium_high,medium_high,good,2
40,high,high,4,islam,no,low,high,good,2
30,medium_low,medium_low,7,islam,no,medium_high,high,good,2
35,high,high,5,islam,yes,low,high,good,2
26,medium_low,high,2,islam,no,low,high,good,2
45,high,high,3,islam,no,low,high,good,2
27,medium_high,medium_high,2,islam,no,medium_high,high,good,2
32,high,high,4,islam,no,low,medium_low,good,2
27,high,high,3,islam,no,low,medium_high,good,2
28,high,high,2,non_islam,no,low,high,good,2
30,high,high,3,islam,no,medium_low,low,good,2
34,high,high,4,islam,no,medium_low,high,good,2
26,medium_high,high,3,islam,no,medium_low,medium_high,good,2
44,low,high,2,islam,no,low,medium_high,good,2
29,high,high,3,islam,no,low,high,good,2
26,medium_high,high,2,islam,no,medium_high,medium_high,good,2
41,high,high,8,islam,no,low,high,good,2
32,medium_high,medium_high,4,islam,yes,medium_high,medium_high,good,2
23,medium_high,low,1,islam,yes,medium_high,medium_high,good,2
38,medium_low,medium_high,4,islam,no,low,medium_low,good,2
22,high,high,1,islam,yes,medium_low,medium_low,good,2
34,medium_high,high,3,non_islam,no,low,high,good,2
38,medium_high,high,7,non_islam,no,medium_low,medium_high,good,2
21,high,high,1,islam,no,low,high,good,2
43,low,medium_high,4,islam,no,low,high,good,2
44,medium_high,medium_high,9,islam,no,low,low,good,2
24,high,high,1,islam,no,medium_low,high,good,2
27,high,high,1,islam,yes,medium_high,medium_high,good,2
34,medium_high,high,4,islam,no,medium_high,medium_high,good,2
29,medium_high,high,2,islam,no,low,high,good,2
26,high,high,1,islam,yes,medium_low,medium_high,good,2
37,high,high,7,islam,no,low,high,good,2
21,medium_high,high,3,islam,no,low,high,good,2
47,high,high,4,non_islam,no,medium_low,high,good,2
41,high,high,3,islam,yes,medium_low,medium_high,good,2
29,medium_high,high,3,islam,no,low,medium_high,good,2
25,high,high,1,islam,yes,low,high,good,2
33,high,high,2,non_islam,yes,low,medium_high,good,2
23,high,high,1,non_islam,no,low,high,good,2
32,high,high,4,islam,no,medium_low,medium_high,good,2
45,high,high,3,islam,no,low,high,good,2
37,high,high,4,islam,no,low,high,good,2
35,medium_low,high,4,non_islam,no,medium_high,medium_low,good,2
37,high,high,3,islam,no,medium_high,high,good,2
35,high,high,5,islam,no,medium_low,high,good,2
23,high,high,1,islam,no,medium_high,medium_high,good,2
38,medium_low,medium_low,8,islam,no,medium_low,medium_low,good,2
41,high,high,4,non_islam,yes,medium_low,high,good,2
35,low,medium_low,9,islam,yes,medium_high,low,good,2
29,high,high,3,islam,no,medium_high,medium_low,good,2
26,medium_high,medium_high,2,islam,no,low,medium_high,good,2
22,medium_high,medium_high,2,islam,no,medium_high,medium_high,good,2
30,medium_low,medium_high,5,islam,no,medium_high,low,not_good,2
36,high,high,3,islam,no,medium_high,medium_high,good,2
26,medium_high,high,3,islam,no,low,high,good,2
32,high,high,2,islam,yes,medium_high,high,good,2
39,high,high,3,non_islam,no,medium_low,high,good,2
29,medium_high,high,3,islam,no,low,medium_high,good,2
40,high,high,5,islam,no,low,medium_high,good,2
43,medium_high,medium_high,6,islam,yes,medium_high,medium_low,good,2
44,medium_high,high,6,islam,no,medium_high,medium_low,good,2
24,high,high,2,islam,no,medium_low,high,good,2
42,high,high,3,islam,yes,low,high,good,2
33,medium_high,high,2,islam,no,low,high,good,2
24,high,high,1,non_islam,no,medium_low,medium_high,good,2
28,medium_high,high,2,non_islam,no,medium_low,medium_high,good,2
32,medium_low,low,5,islam,yes,medium_low,medium_low,good,2
26,medium_low,medium_low,4,islam,no,medium_high,high,good,2
27,high,high,1,islam,no,low,high,good,2
41,medium_high,high,3,non_islam,no,medium_low,high,good,2
28,medium_high,high,2,non_islam,no,medium_high,medium_high,good,2
23,high,high,1,islam,yes,medium_high,high,good,2
31,medium_low,medium_low,4,islam,no,high,medium_high,not_good,2
33,high,high,3,non_islam,no,medium_low,high,good,2
35,high,high,5,islam,no,low,high,good,2
39,medium_high,high,5,islam,no,medium_high,high,good,2
27,high,high,2,islam,no,low,medium_high,good,2
48,high,high,3,non_islam,no,low,high,good,2
25,medium_high,low,2,islam,yes,medium_high,high,good,2
38,high,high,4,islam,no,medium_low,high,good,2
48,high,high,7,islam,yes,low,high,good,2
34,high,high,4,islam,yes,medium_high,medium_high,good,2
36,medium_high,medium_high,4,islam,no,low,medium_high,good,2
34,high,high,3,islam,yes,medium_high,high,good,2
42,high,high,4,non_islam,yes,medium_low,high,good,2
45,medium_high,medium_high,5,non_islam,no,low,medium_high,good,2
37,high,high,4,non_islam,no,medium_low,high,good,2
38,high,high,3,non_islam,yes,medium_low,high,good,2
42,medium_high,medium_high,4,non_islam,no,medium_high,high,good,2
42,medium_low,high,5,non_islam,no,medium_low,medium_high,good,2
41,high,high,6,islam,no,low,high,good,2
43,high,high,5,non_islam,no,low,high,good,2
34,high,high,2,non_islam,yes,medium_high,medium_low,good,2
44,medium_low,medium_high,1,non_islam,no,medium_low,high,good,2
41,high,high,4,non_islam,no,low,high,good,2
36,high,high,3,islam,no,low,high,good,2
34,low,medium_low,5,islam,no,medium_high,high,good,2
32,medium_high,medium_low,5,islam,no,medium_high,medium_high,good,3
34,medium_high,medium_high,6,islam,no,low,high,good,3
24,high,high,2,islam,yes,medium_high,medium_high,good,3
21,medium_high,medium_high,1,non_islam,no,medium_high,medium_low,good,3
38,high,medium_high,9,islam,no,medium_high,medium_high,good,3
39,high,high,3,islam,yes,low,high,good,3
35,medium_low,medium_low,6,islam,yes,medium_low,medium_low,not_good,3
30,medium_low,medium_high,7,islam,no,medium_high,medium_high,good,3
17,medium_high,high,1,islam,no,medium_high,medium_high,good,3
32,medium_low,high,3,islam,no,medium_high,high,good,3
43,high,high,5,non_islam,no,low,high,good,3
31,medium_low,medium_low,4,islam,no,medium_high,medium_high,good,3
24,low,medium_low,3,islam,no,medium_high,medium_low,good,3
26,medium_low,high,3,islam,no,low,medium_high,good,3
35,medium_high,high,4,islam,yes,low,high,good,3
46,medium_high,high,4,islam,yes,medium_high,high,good,3
29,medium_low,medium_high,3,islam,no,medium_high,medium_high,good,3
21,medium_high,high,1,islam,yes,medium_high,high,good,3
31,high,high,5,islam,yes,low,high,good,3
24,high,high,2,islam,no,medium_high,medium_high,good,3
24,medium_low,high,3,islam,no,medium_high,medium_high,good,3
36,high,high,4,islam,no,low,medium_high,good,3
37,medium_low,medium_high,9,islam,no,medium_high,medium_high,good,3
37,medium_high,medium_high,6,islam,no,medium_high,medium_high,good,3
37,medium_high,medium_high,11,islam,no,low,medium_low,good,3
44,high,high,4,non_islam,no,medium_low,medium_high,good,3
35,medium_low,medium_high,6,islam,no,medium_low,medium_high,good,3
25,high,high,3,islam,no,medium_high,medium_high,good,3
21,high,high,2,islam,no,medium_low,medium_high,good,3
24,low,medium_low,3,islam,no,medium_high,medium_low,good,3
16,medium_low,medium_high,1,islam,no,medium_high,low,good,3
21,medium_high,medium_low,1,islam,no,medium_high,low,not_good,3
25,medium_low,high,2,islam,no,medium_low,high,good,3
26,high,high,1,islam,yes,medium_low,high,good,3
43,high,high,2,islam,no,low,high,good,3
24,high,high,1,islam,no,low,high,good,3
30,medium_high,high,3,non_islam,no,medium_high,medium_high,good,3
30,medium_low,medium_high,3,islam,no,medium_high,medium_high,good,3
26,high,high,2,islam,no,medium_high,medium_high,good,3
29,medium_low,high,4,islam,no,medium_high,medium_low,good,3
24,medium_high,high,4,islam,no,medium_high,low,good,3
29,medium_high,medium_high,2,islam,no,medium_high,medium_low,good,3
29,low,medium_low,1,islam,no,medium_high,medium_high,good,3
22,high,high,1,islam,no,medium_low,high,good,3
30,medium_high,medium_high,4,islam,yes,medium_high,medium_low,good,3
24,high,high,1,islam,no,medium_low,medium_high,good,3
25,high,high,2,islam,no,low,medium_low,good,3
44,high,high,5,islam,yes,low,high,good,3
28,medium_low,medium_high,3,islam,no,medium_low,high,good,3
22,medium_high,medium_high,1,islam,no,medium_high,medium_low,good,3
30,medium_low,medium_low,6,islam,yes,medium_low,medium_high,good,3
25,medium_high,high,3,islam,no,medium_low,high,good,3
25,high,high,2,islam,no,medium_high,medium_high,good,3
33,high,high,2,islam,yes,low,high,good,3
33,medium_high,medium_high,4,islam,yes,medium_low,medium_high,good,3
26,medium_high,medium_high,2,islam,yes,medium_low,medium_low,good,3
29,medium_high,high,5,islam,no,medium_high,medium_high,good,3
32,medium_high,medium_high,4,islam,no,medium_low,low,good,3
30,high,high,1,islam,yes,medium_high,medium_low,good,3
37,high,high,1,non_islam,no,low,high,good,3
31,low,medium_low,4,islam,no,medium_high,medium_high,good,3
36,low,medium_low,4,islam,no,medium_high,low,not_good,3
36,medium_low,medium_low,7,islam,yes,medium_low,medium_low,not_good,3
26,medium_high,high,2,islam,yes,medium_low,high,good,3
36,high,high,3,islam,no,low,high,good,3
28,high,high,1,islam,no,medium_low,high,good,3
33,high,high,5,islam,no,medium_high,medium_high,good,3
25,medium_high,high,2,islam,yes,medium_low,high,good,3
31,high,high,2,non_islam,no,low,high,good,3
38,high,high,4,islam,yes,low,high,good,3
35,low,medium_low,5,islam,no,medium_high,medium_high,good,3
33,high,high,3,non_islam,yes,medium_low,high,good,3
30,medium_low,medium_low,2,islam,no,medium_high,medium_low,good,3
20,medium_high,medium_high,2,islam,no,medium_low,medium_low,not_good,3
18,medium_high,medium_high,1,islam,no,medium_low,medium_low,good,3
30,medium_high,medium_low,3,islam,no,medium_high,medium_high,good,3
35,medium_low,medium_high,6,islam,yes,medium_high,medium_low,good,3
22,medium_high,medium_high,2,islam,no,medium_high,low,good,3
28,medium_low,high,7,islam,no,medium_high,medium_high,good,3
21,medium_high,medium_high,1,islam,no,medium_high,low,good,3
27,medium_high,high,4,islam,no,medium_high,high,good,3
30,medium_high,high,3,islam,no,medium_high,medium_high,good,3
25,medium_high,high,2,islam,no,medium_high,medium_high,good,3
26,high,high,3,islam,no,medium_high,medium_low,good,3
37,medium_low,high,5,islam,no,low,high,good,3
47,low,medium_high,9,islam,yes,medium_high,medium_high,good,3
36,low,low,5,islam,no,medium_high,medium_high,good,3
36,medium_low,medium_high,6,islam,no,medium_low,high,good,3
36,high,high,3,islam,no,medium_low,high,good,3
28,high,high,4,islam,no,medium_high,high,good,3
21,high,high,2,islam,no,medium_high,medium_high,good,3
25,high,high,2,islam,no,medium_low,medium_high,good,3
30,medium_high,high,3,islam,no,medium_high,high,good,3
22,medium_high,medium_high,3,islam,no,medium_high,medium_high,good,3
23,high,medium_high,2,islam,yes,medium_low,medium_high,good,3
36,medium_high,high,9,islam,no,medium_high,high,good,3
28,high,medium_high,2,islam,no,medium_high,medium_low,good,3
46,medium_low,medium_low,5,islam,no,medium_low,high,good,3
47,high,high,5,islam,no,medium_high,medium_low,good,3
41,low,high,5,islam,yes,medium_low,high,good,3
44,high,high,5,islam,no,medium_high,high,good,3
34,medium_low,medium_high,3,non_islam,no,medium_high,medium_low,not_good,3
37,medium_low,medium_high,6,islam,no,medium_high,high,good,3
34,high,high,2,non_islam,no,low,high,good,3
22,medium_low,high,2,islam,no,medium_high,medium_low,good,3
33,medium_low,medium_high,4,islam,no,medium_low,medium_high,good,3
21,medium_high,high,3,islam,no,medium_high,low,good,3
31,high,high,4,islam,yes,medium_high,high,good,3
41,high,medium_high,5,islam,yes,medium_high,high,good,3
30,high,medium_high,4,islam,no,medium_high,medium_high,good,3
32,medium_low,high,5,islam,no,medium_high,high,good,3
27,high,high,2,non_islam,yes,medium_low,high,good,3
26,high,high,1,non_islam,yes,medium_low,high,good,3
42,high,high,5,non_islam,no,medium_low,high,good,3
24,high,high,1,islam,no,low,medium_high,good,3
37,high,high,6,islam,no,low,high,good,3
30,medium_low,medium_high,5,islam,yes,medium_high,high,good,3
27,high,high,1,islam,no,low,high,good,3
34,medium_low,high,6,islam,no,medium_high,medium_high,good,3
32,medium_high,high,5,non_islam,no,low,high,good,3
28,high,high,1,non_islam,yes,medium_low,high,good,3
29,medium_high,medium_high,1,non_islam,yes,medium_low,high,good,3
42,high,high,3,non_islam,no,medium_low,high,good,3
21,medium_low,medium_low,0,non_islam,no,high,high,good,3
22,high,high,2,islam,no,medium_high,high,good,3
36,high,high,3,non_islam,no,medium_high,high,good,3
45,medium_low,medium_high,3,non_islam,yes,medium_low,high,good,3
34,high,high,2,non_islam,yes,medium_low,high,good,3
35,medium_low,medium_high,5,islam,no,medium_high,medium_high,good,3
19,high,high,1,islam,no,medium_low,medium_high,good,3
27,high,high,4,islam,no,medium_high,medium_high,good,3
37,medium_low,high,4,islam,yes,medium_low,medium_high,good,3
26,medium_high,medium_low,4,islam,no,medium_high,high,good,3
28,low,medium_high,5,islam,no,medium_high,high,good,3
31,medium_high,high,5,islam,no,low,high,good,3
32,medium_low,medium_low,6,islam,no,medium_low,medium_high,good,3
40,medium_low,medium_low,4,non_islam,yes,medium_low,high,good,3
27,medium_high,medium_high,5,islam,no,medium_low,high,good,3
27,medium_low,medium_low,3,islam,no,medium_low,medium_low,not_good,3
37,high,high,5,non_islam,yes,medium_low,high,good,3
22,high,medium_high,1,islam,no,medium_low,medium_low,good,3
27,high,high,4,islam,no,low,medium_low,not_good,3
21,high,high,1,non_islam,no,medium_low,high,good,3
30,low,medium_high,2,islam,no,medium_high,high,good,3
23,medium_low,medium_low,1,islam,no,medium_low,high,good,3
25,medium_low,high,3,islam,no,low,medium_high,good,3
42,medium_low,high,6,islam,no,medium_low,high,good,3
29,high,high,3,islam,no,low,high,good,3
33,high,high,2,islam,yes,medium_low,high,good,3
33,high,high,3,islam,no,low,high,good,3
39,medium_high,medium_high,8,islam,yes,low,high,good,3
33,medium_high,medium_high,4,islam,yes,medium_low,medium_low,good,3
17,medium_high,medium_high,1,islam,no,medium_low,high,good,3